order_id,customer_id,is_prime,order_value_usd
AMZ-100000,8122,True,114.37
AMZ-100001,9575,False,114.37
AMZ-100002,6797,True,114.37
AMZ-100003,7131,True,114.37
AMZ-100004,5815,True,114.37
AMZ-100005,7694,True,114.37
AMZ-100006,5442,True,114.37
AMZ-100007,8140,False,114.37
AMZ-100008,5142,True,114.37
AMZ-100009,9287,True,114.37
AMZ-100010,6410,True,114.37
AMZ-100011,9473,False,114.37
AMZ-100012,5534,False,114.37
AMZ-100013,6716,True,114.37
AMZ-100014,8364,True,114.37
AMZ-100015,6032,True,114.37
AMZ-100016,8342,True,114.37
AMZ-100017,6410,True,114.37
AMZ-100018,9500,True,114.37
AMZ-100019,6172,True,114.37
AMZ-100020,5888,True,114.37
AMZ-100021,8338,True,114.37
AMZ-100022,9517,True,114.37
AMZ-100023,6641,True,114.37
AMZ-100024,5471,True,114.37
AMZ-100025,7940,True,114.37
AMZ-100026,5546,True,114.37
AMZ-100027,9726,True,114.37
AMZ-100028,8597,True,114.37
AMZ-100029,7825,True,114.37
AMZ-100030,8723,True,114.37
AMZ-100031,5363,True,114.37
AMZ-100032,7166,True,114.37
AMZ-100033,8309,False,114.37
AMZ-100034,5545,False,114.37
AMZ-100035,8240,False,114.37
AMZ-100036,9729,True,114.37
AMZ-100037,6936,True,114.37
AMZ-100038,5962,True,114.37
AMZ-100039,8005,True,114.37
AMZ-100040,8806,True,114.37
AMZ-100041,5882,True,114.37
AMZ-100042,8840,True,114.37
AMZ-100043,5870,False,114.37
AMZ-100044,9611,True,114.37
AMZ-100045,7985,True,114.37
AMZ-100046,5865,True,114.37
AMZ-100047,9309,True,114.37
AMZ-100048,8203,True,114.37
AMZ-100049,7897,True,114.37
AMZ-100050,7244,False,114.37
AMZ-100051,5018,True,114.37
AMZ-100052,5641,False,114.37
AMZ-100053,8083,False,114.37
AMZ-100054,5329,True,114.37
AMZ-100055,5865,False,114.37
AMZ-100056,5773,True,114.37
AMZ-100057,9487,True,114.37
AMZ-100058,9732,True,114.37
AMZ-100059,7354,True,114.37
AMZ-100060,8338,True,114.37
AMZ-100061,8518,True,114.37
AMZ-100062,7942,False,114.37
AMZ-100063,7567,True,114.37
AMZ-100064,6674,True,114.37
AMZ-100065,7683,True,114.37
AMZ-100066,8380,True,114.37
AMZ-100067,5739,False,114.37
AMZ-100068,6545,True,114.37
AMZ-100069,9564,False,114.37
AMZ-100070,7259,True,114.37
AMZ-100071,6135,True,114.37
AMZ-100072,5873,True,114.37
AMZ-100073,9555,False,114.37
AMZ-100074,7300,True,114.37
AMZ-100075,5751,True,114.37
AMZ-100076,5853,True,114.37
AMZ-100077,8732,True,114.37
AMZ-100078,7283,True,114.37
AMZ-100079,6329,True,114.37
AMZ-100080,5477,False,114.37
AMZ-100081,7726,True,114.37
AMZ-100082,8091,True,114.37
AMZ-100083,9230,True,114.37
AMZ-100084,9505,True,114.37
AMZ-100085,6269,True,114.37
AMZ-100086,9181,True,114.37
AMZ-100087,7603,True,114.37
AMZ-100088,6469,False,114.37
AMZ-100089,5377,True,114.37
AMZ-100090,6680,True,114.37
AMZ-100091,5241,True,114.37
AMZ-100092,5919,True,114.37
AMZ-100093,5069,True,114.37
AMZ-100094,8924,True,114.37
AMZ-100095,7086,True,114.37
AMZ-100096,7007,True,114.37
AMZ-100097,5800,True,114.37
AMZ-100098,7779,True,114.37
AMZ-100099,9920,True,114.37
AMZ-100100,5755,True,114.37
AMZ-100101,6995,True,114.37
AMZ-100102,6321,True,114.37
AMZ-100103,7330,True,114.37
AMZ-100104,5109,False,114.37
AMZ-100105,6016,True,114.37
AMZ-100106,8865,True,114.37
AMZ-100107,5024,True,114.37
AMZ-100108,9938,True,114.37
AMZ-100109,7838,True,114.37
AMZ-100110,5737,True,114.37
AMZ-100111,5179,True,114.37
AMZ-100112,5231,False,114.37
AMZ-100113,6917,False,114.37
AMZ-100114,5342,True,114.37
AMZ-100115,9572,False,114.37
AMZ-100116,7623,False,114.37
AMZ-100117,5454,True,114.37
AMZ-100118,9384,False,114.37
AMZ-100119,9625,True,114.37
AMZ-100120,7276,False,114.37
AMZ-100121,5595,False,114.37
AMZ-100122,8874,True,114.37
AMZ-100123,9530,True,114.37
AMZ-100124,9977,True,114.37
AMZ-100125,9497,True,114.37
AMZ-100126,7669,False,114.37
AMZ-100127,7135,False,114.37
AMZ-100128,8964,True,114.37
AMZ-100129,6565,True,114.37
AMZ-100130,5308,True,114.37
AMZ-100131,5342,True,114.37
AMZ-100132,5435,True,114.37
AMZ-100133,5176,True,114.37
AMZ-100134,5138,False,114.37
AMZ-100135,5193,True,114.37
AMZ-100136,8257,True,114.37
AMZ-100137,8235,True,114.37
AMZ-100138,5942,True,114.37
AMZ-100139,9620,False,114.37
AMZ-100140,8879,False,114.37
AMZ-100141,8113,True,114.37
AMZ-100142,7962,True,114.37
AMZ-100143,9836,True,114.37
AMZ-100144,9957,True,114.37
AMZ-100145,5953,True,114.37
AMZ-100146,6302,True,114.37
AMZ-100147,8381,True,114.37
AMZ-100148,7880,True,114.37
AMZ-100149,7187,True,114.37
AMZ-100150,9887,False,114.37
AMZ-100151,5545,True,114.37
AMZ-100152,6927,True,114.37
AMZ-100153,9152,True,114.37
AMZ-100154,5004,False,114.37
AMZ-100155,8481,True,114.37
AMZ-100156,8253,True,114.37
AMZ-100157,6362,True,114.37
AMZ-100158,6820,True,114.37
AMZ-100159,7663,True,114.37
AMZ-100160,7938,True,114.37
AMZ-100161,6273,True,114.37
AMZ-100162,8326,True,114.37
AMZ-100163,8659,True,114.37
AMZ-100164,7945,True,114.37
AMZ-100165,8018,False,114.37
AMZ-100166,6131,True,114.37
AMZ-100167,9763,True,114.37
AMZ-100168,7636,True,114.37
AMZ-100169,8029,True,114.37
AMZ-100170,8019,True,114.37
AMZ-100171,9377,True,114.37
AMZ-100172,8159,True,114.37
AMZ-100173,5253,True,114.37
AMZ-100174,5328,True,114.37
AMZ-100175,7591,True,114.37
AMZ-100176,7830,True,114.37
AMZ-100177,8044,True,114.37
AMZ-100178,6420,False,114.37
AMZ-100179,8401,True,114.37
AMZ-100180,7892,True,114.37
AMZ-100181,5654,True,114.37
AMZ-100182,5759,False,114.37
AMZ-100183,6798,False,114.37
AMZ-100184,7971,True,114.37
AMZ-100185,9511,True,114.37
AMZ-100186,8426,False,114.37
AMZ-100187,5254,True,114.37
AMZ-100188,8823,True,114.37
AMZ-100189,6876,True,114.37
AMZ-100190,7757,True,114.37
AMZ-100191,7624,False,114.37
AMZ-100192,9995,False,114.37
AMZ-100193,9121,True,114.37
AMZ-100194,8004,True,114.37
AMZ-100195,9516,True,114.37
AMZ-100196,8734,True,114.37
AMZ-100197,6244,False,114.37
AMZ-100198,6008,False,114.37
AMZ-100199,9314,True,114.37
AMZ-100200,6510,True,114.37
AMZ-100201,6959,True,114.37
AMZ-100202,7508,True,114.37
AMZ-100203,9758,False,114.37
AMZ-100204,7682,True,114.37
AMZ-100205,5989,True,114.37
AMZ-100206,9284,True,114.37
AMZ-100207,5254,True,114.37
AMZ-100208,9163,True,114.37
AMZ-100209,9711,True,114.37
AMZ-100210,9969,True,114.37
AMZ-100211,9452,True,114.37
AMZ-100212,5255,True,114.37
AMZ-100213,6007,True,114.37
AMZ-100214,6755,True,114.37
AMZ-100215,7571,True,114.37
AMZ-100216,8908,True,114.37
AMZ-100217,7997,True,114.37
AMZ-100218,7803,True,114.37
AMZ-100219,8765,False,114.37
AMZ-100220,9379,True,114.37
AMZ-100221,8383,True,114.37
AMZ-100222,5098,True,114.37
AMZ-100223,5196,True,114.37
AMZ-100224,7529,True,114.37
AMZ-100225,5877,True,114.37
AMZ-100226,6868,False,114.37
AMZ-100227,7665,True,114.37
AMZ-100228,6388,False,114.37
AMZ-100229,7415,True,114.37
AMZ-100230,5569,True,114.37
AMZ-100231,7637,True,114.37
AMZ-100232,6065,True,114.37
AMZ-100233,5421,True,114.37
AMZ-100234,7883,True,114.37
AMZ-100235,6204,True,114.37
AMZ-100236,5544,True,114.37
AMZ-100237,9166,True,114.37
AMZ-100238,8639,True,114.37
AMZ-100239,6223,True,114.37
AMZ-100240,8172,False,114.37
AMZ-100241,5767,False,114.37
AMZ-100242,8657,False,114.37
AMZ-100243,5654,True,114.37
AMZ-100244,7446,True,114.37
AMZ-100245,5220,False,114.37
AMZ-100246,8666,True,114.37
AMZ-100247,9277,False,114.37
AMZ-100248,9402,False,114.37
AMZ-100249,7569,False,114.37
AMZ-100250,6013,True,114.37
AMZ-100251,7051,True,114.37
AMZ-100252,8985,False,114.37
AMZ-100253,9943,True,114.37
AMZ-100254,9899,True,114.37
AMZ-100255,9310,True,114.37
AMZ-100256,8019,False,114.37
AMZ-100257,8681,True,114.37
AMZ-100258,6443,True,114.37
AMZ-100259,9196,True,114.37
AMZ-100260,8010,True,114.37
AMZ-100261,5572,False,114.37
AMZ-100262,6332,True,114.37
AMZ-100263,9753,True,114.37
AMZ-100264,9002,False,114.37
AMZ-100265,8134,True,114.37
AMZ-100266,9086,True,114.37
AMZ-100267,5225,True,114.37
AMZ-100268,9200,True,114.37
AMZ-100269,6997,True,114.37
AMZ-100270,5771,False,114.37
AMZ-100271,9524,False,114.37
AMZ-100272,5433,False,114.37
AMZ-100273,8099,False,114.37
AMZ-100274,7729,True,114.37
AMZ-100275,8407,True,114.37
AMZ-100276,8140,True,114.37
AMZ-100277,5865,True,114.37
AMZ-100278,7793,True,114.37
AMZ-100279,7911,True,114.37
AMZ-100280,7415,False,114.37
AMZ-100281,5250,True,114.37
AMZ-100282,9951,True,114.37
AMZ-100283,8757,True,114.37
AMZ-100284,9656,True,114.37
AMZ-100285,5918,True,114.37
AMZ-100286,6173,True,114.37
AMZ-100287,8203,True,114.37
AMZ-100288,5432,True,114.37
AMZ-100289,5835,True,114.37
AMZ-100290,7246,True,114.37
AMZ-100291,7262,True,114.37
AMZ-100292,5897,False,114.37
AMZ-100293,8632,True,114.37
AMZ-100294,9567,True,114.37
AMZ-100295,8815,True,114.37
AMZ-100296,5246,True,114.37
AMZ-100297,7429,True,114.37
AMZ-100298,5990,True,114.37
AMZ-100299,8310,True,114.37
AMZ-100300,5926,True,114.37
AMZ-100301,8438,True,114.37
AMZ-100302,7607,True,114.37
AMZ-100303,6074,True,114.37
AMZ-100304,9022,True,114.37
AMZ-100305,8799,False,114.37
AMZ-100306,9784,True,114.37
AMZ-100307,8151,True,114.37
AMZ-100308,8438,True,114.37
AMZ-100309,9573,True,114.37
AMZ-100310,8491,True,114.37
AMZ-100311,5706,True,114.37
AMZ-100312,8064,True,114.37
AMZ-100313,5753,False,114.37
AMZ-100314,5587,False,114.37
AMZ-100315,6334,True,114.37
AMZ-100316,6847,True,114.37
AMZ-100317,8934,True,114.37
AMZ-100318,8926,True,114.37
AMZ-100319,8317,True,114.37
AMZ-100320,9020,True,114.37
AMZ-100321,8155,True,114.37
AMZ-100322,9302,True,114.37
AMZ-100323,7198,True,114.37
AMZ-100324,5164,False,114.37
AMZ-100325,6998,True,114.37
AMZ-100326,8057,True,114.37
AMZ-100327,7084,True,114.37
AMZ-100328,9428,True,114.37
AMZ-100329,5402,True,114.37
AMZ-100330,5413,True,114.37
AMZ-100331,5044,True,114.37
AMZ-100332,9157,True,114.37
AMZ-100333,7467,True,114.37
AMZ-100334,5867,True,114.37
AMZ-100335,5018,True,114.37
AMZ-100336,5364,False,114.37
AMZ-100337,8832,True,114.37
AMZ-100338,5579,True,114.37
AMZ-100339,5545,True,114.37
AMZ-100340,9150,True,114.37
AMZ-100341,9873,True,114.37
AMZ-100342,8039,True,114.37
AMZ-100343,9137,True,114.37
AMZ-100344,9044,True,114.37
AMZ-100345,9326,True,114.37
AMZ-100346,5452,True,114.37
AMZ-100347,8961,True,114.37
AMZ-100348,6381,True,114.37
AMZ-100349,6467,True,114.37
AMZ-100350,7738,True,114.37
AMZ-100351,6216,False,114.37
AMZ-100352,5880,True,114.37
AMZ-100353,8814,True,114.37
AMZ-100354,8149,True,114.37
AMZ-100355,5084,True,114.37
AMZ-100356,9144,True,114.37
AMZ-100357,6168,True,114.37
AMZ-100358,9164,False,114.37
AMZ-100359,8129,True,114.37
AMZ-100360,8645,True,114.37
AMZ-100361,7526,True,114.37
AMZ-100362,7867,True,114.37
AMZ-100363,8516,True,114.37
AMZ-100364,8367,False,114.37
AMZ-100365,7194,True,114.37
AMZ-100366,8555,False,114.37
AMZ-100367,5445,False,114.37
AMZ-100368,8626,True,114.37
AMZ-100369,9016,True,114.37
AMZ-100370,8875,True,114.37
AMZ-100371,8337,True,114.37
AMZ-100372,5261,True,114.37
AMZ-100373,6848,True,114.37
AMZ-100374,9992,True,114.37
AMZ-100375,9025,True,114.37
AMZ-100376,7266,False,114.37
AMZ-100377,5091,True,114.37
AMZ-100378,9222,False,114.37
AMZ-100379,9175,True,114.37
AMZ-100380,8309,True,114.37
AMZ-100381,5982,True,114.37
AMZ-100382,8443,True,114.37
AMZ-100383,7533,False,114.37
AMZ-100384,5693,True,114.37
AMZ-100385,9120,False,114.37
AMZ-100386,5155,True,114.37
AMZ-100387,8588,True,114.37
AMZ-100388,6812,True,114.37
AMZ-100389,9114,False,114.37
AMZ-100390,6407,False,114.37
AMZ-100391,6216,True,114.37
AMZ-100392,6410,True,114.37
AMZ-100393,8497,True,114.37
AMZ-100394,9372,True,114.37
AMZ-100395,9840,False,114.37
AMZ-100396,5551,False,114.37
AMZ-100397,8394,True,114.37
AMZ-100398,6176,True,114.37
AMZ-100399,9734,True,114.37
AMZ-100400,9332,True,114.37
AMZ-100401,5997,False,114.37
AMZ-100402,9076,True,114.37
AMZ-100403,7731,False,114.37
AMZ-100404,8937,True,114.37
AMZ-100405,9052,False,114.37
AMZ-100406,5372,True,114.37
AMZ-100407,7248,True,114.37
AMZ-100408,5848,False,114.37
AMZ-100409,7556,True,114.37
AMZ-100410,7322,True,114.37
AMZ-100411,5503,False,114.37
AMZ-100412,8189,False,114.37
AMZ-100413,5702,True,114.37
AMZ-100414,8625,True,114.37
AMZ-100415,5314,True,114.37
AMZ-100416,7376,True,114.37
AMZ-100417,6040,True,114.37
AMZ-100418,9378,True,114.37
AMZ-100419,7990,True,114.37
AMZ-100420,5257,True,114.37
AMZ-100421,5574,True,114.37
AMZ-100422,9669,True,114.37
AMZ-100423,6552,True,114.37
AMZ-100424,9518,True,114.37
AMZ-100425,5757,True,114.37
AMZ-100426,7810,True,114.37
AMZ-100427,6104,False,114.37
AMZ-100428,9524,True,114.37
AMZ-100429,8459,True,114.37
AMZ-100430,8992,True,114.37
AMZ-100431,5203,True,114.37
AMZ-100432,7775,True,114.37
AMZ-100433,7332,True,114.37
AMZ-100434,6992,True,114.37
AMZ-100435,7243,True,114.37
AMZ-100436,5306,True,114.37
AMZ-100437,6687,False,114.37
AMZ-100438,9109,True,114.37
AMZ-100439,6860,True,114.37
AMZ-100440,6961,True,114.37
AMZ-100441,5722,False,114.37
AMZ-100442,5779,True,114.37
AMZ-100443,5528,True,114.37
AMZ-100444,9893,False,114.37
AMZ-100445,5343,False,114.37
AMZ-100446,8786,False,114.37
AMZ-100447,8682,True,114.37
AMZ-100448,5208,True,114.37
AMZ-100449,9736,True,114.37
AMZ-100450,8406,True,114.37
AMZ-100451,6311,True,114.37
AMZ-100452,7299,True,114.37
AMZ-100453,8336,False,114.37
AMZ-100454,6947,True,114.37
AMZ-100455,5919,True,114.37
AMZ-100456,7044,True,114.37
AMZ-100457,5418,True,114.37
AMZ-100458,6749,True,114.37
AMZ-100459,7842,True,114.37
AMZ-100460,6099,True,114.37
AMZ-100461,8392,True,114.37
AMZ-100462,7772,True,114.37
AMZ-100463,7480,True,114.37
AMZ-100464,6545,False,114.37
AMZ-100465,6070,True,114.37
AMZ-100466,6850,True,114.37
AMZ-100467,9198,False,114.37
AMZ-100468,7939,True,114.37
AMZ-100469,6903,False,114.37
AMZ-100470,5678,True,114.37
AMZ-100471,5988,False,114.37
AMZ-100472,7475,True,114.37
AMZ-100473,6607,False,114.37
AMZ-100474,7869,True,114.37
AMZ-100475,6502,False,114.37
AMZ-100476,6789,True,114.37
AMZ-100477,6425,True,114.37
AMZ-100478,7440,False,114.37
AMZ-100479,7042,True,114.37
AMZ-100480,6278,True,114.37
AMZ-100481,7594,True,114.37
AMZ-100482,9689,True,114.37
AMZ-100483,7436,True,114.37
AMZ-100484,8803,True,114.37
AMZ-100485,7205,False,114.37
AMZ-100486,6027,True,114.37
AMZ-100487,8539,True,114.37
AMZ-100488,8483,False,114.37
AMZ-100489,7241,False,114.37
AMZ-100490,7765,True,114.37
AMZ-100491,6173,True,114.37
AMZ-100492,8230,True,114.37
AMZ-100493,8350,True,114.37
AMZ-100494,9911,True,114.37
AMZ-100495,5403,True,114.37
AMZ-100496,9988,True,114.37
AMZ-100497,7725,True,114.37
AMZ-100498,8382,False,114.37
AMZ-100499,9163,False,114.37
AMZ-100500,5087,True,114.37
AMZ-100501,6158,True,114.37
AMZ-100502,9273,True,114.37
AMZ-100503,7857,False,114.37
AMZ-100504,6381,True,114.37
AMZ-100505,9681,True,114.37
AMZ-100506,7064,False,114.37
AMZ-100507,7374,False,114.37
AMZ-100508,5317,False,114.37
AMZ-100509,6502,True,114.37
AMZ-100510,7042,True,114.37
AMZ-100511,9598,True,114.37
AMZ-100512,7022,False,114.37
AMZ-100513,5118,False,114.37
AMZ-100514,5709,True,114.37
AMZ-100515,8557,True,114.37
AMZ-100516,9140,True,114.37
AMZ-100517,9409,False,114.37
AMZ-100518,8250,False,114.37
AMZ-100519,5417,True,114.37
AMZ-100520,7603,True,114.37
AMZ-100521,8854,True,114.37
AMZ-100522,6101,False,114.37
AMZ-100523,9421,False,114.37
AMZ-100524,8428,False,114.37
AMZ-100525,7261,True,114.37
AMZ-100526,9169,True,114.37
AMZ-100527,8634,True,114.37
AMZ-100528,5508,True,114.37
AMZ-100529,7379,False,114.37
AMZ-100530,8164,False,114.37
AMZ-100531,5687,False,114.37
AMZ-100532,9752,False,114.37
AMZ-100533,6292,True,114.37
AMZ-100534,8905,True,114.37
AMZ-100535,8075,False,114.37
AMZ-100536,8209,False,114.37
AMZ-100537,5324,True,114.37
AMZ-100538,6993,True,114.37
AMZ-100539,8976,True,114.37
AMZ-100540,9812,False,114.37
AMZ-100541,7770,True,114.37
AMZ-100542,9372,True,114.37
AMZ-100543,7583,True,114.37
AMZ-100544,8557,True,114.37
AMZ-100545,8587,True,114.37
AMZ-100546,5151,True,114.37
AMZ-100547,5954,True,114.37
AMZ-100548,9354,True,114.37
AMZ-100549,7371,True,114.37
AMZ-100550,9964,True,114.37
AMZ-100551,6191,False,114.37
AMZ-100552,5687,True,114.37
AMZ-100553,5309,True,114.37
AMZ-100554,6502,False,114.37
AMZ-100555,8127,True,114.37
AMZ-100556,9568,True,114.37
AMZ-100557,8367,True,114.37
AMZ-100558,8395,True,114.37
AMZ-100559,5813,True,114.37
AMZ-100560,5845,True,114.37
AMZ-100561,6164,True,114.37
AMZ-100562,9762,True,114.37
AMZ-100563,6767,True,114.37
AMZ-100564,5354,True,114.37
AMZ-100565,6872,True,114.37
AMZ-100566,7024,True,114.37
AMZ-100567,7817,True,114.37
AMZ-100568,8832,False,114.37
AMZ-100569,9275,True,114.37
AMZ-100570,5065,True,114.37
AMZ-100571,9915,True,114.37
AMZ-100572,9266,True,114.37
AMZ-100573,9090,True,114.37
AMZ-100574,7521,False,114.37
AMZ-100575,7581,False,114.37
AMZ-100576,6390,True,114.37
AMZ-100577,6130,False,114.37
AMZ-100578,7486,True,114.37
AMZ-100579,5834,True,114.37
AMZ-100580,5226,True,114.37
AMZ-100581,8515,False,114.37
AMZ-100582,9537,True,114.37
AMZ-100583,7443,True,114.37
AMZ-100584,5727,True,114.37
AMZ-100585,8686,True,114.37
AMZ-100586,8622,True,114.37
AMZ-100587,6036,True,114.37
AMZ-100588,6832,True,114.37
AMZ-100589,7740,True,114.37
AMZ-100590,5492,True,114.37
AMZ-100591,6548,True,114.37
AMZ-100592,6143,True,114.37
AMZ-100593,8957,True,114.37
AMZ-100594,8407,False,114.37
AMZ-100595,5639,True,114.37
AMZ-100596,5172,True,114.37
AMZ-100597,9354,True,114.37
AMZ-100598,8959,True,114.37
AMZ-100599,5516,True,114.37
AMZ-100600,5522,True,114.37
AMZ-100601,6917,True,114.37
AMZ-100602,7886,True,114.37
AMZ-100603,7164,True,114.37
AMZ-100604,6929,True,114.37
AMZ-100605,8945,True,114.37
AMZ-100606,7209,True,114.37
AMZ-100607,8783,True,114.37
AMZ-100608,7590,True,114.37
AMZ-100609,9934,True,114.37
AMZ-100610,9076,True,114.37
AMZ-100611,6093,True,114.37
AMZ-100612,8880,True,114.37
AMZ-100613,7494,True,114.37
AMZ-100614,7579,False,114.37
AMZ-100615,7488,False,114.37
AMZ-100616,7785,True,114.37
AMZ-100617,7758,True,114.37
AMZ-100618,6574,False,114.37
AMZ-100619,7373,True,114.37
AMZ-100620,8990,True,114.37
AMZ-100621,9845,True,114.37
AMZ-100622,6093,True,114.37
AMZ-100623,6189,True,114.37
AMZ-100624,7689,True,114.37
AMZ-100625,9095,True,114.37
AMZ-100626,6875,True,114.37
AMZ-100627,8406,True,114.37
AMZ-100628,6787,True,114.37
AMZ-100629,8932,True,114.37
AMZ-100630,6607,True,114.37
AMZ-100631,8748,False,114.37
AMZ-100632,5048,True,114.37
AMZ-100633,8861,True,114.37
AMZ-100634,7180,True,114.37
AMZ-100635,8046,True,114.37
AMZ-100636,7833,True,114.37
AMZ-100637,6397,True,114.37
AMZ-100638,8826,True,114.37
AMZ-100639,9574,True,114.37
AMZ-100640,5831,True,114.37
AMZ-100641,7697,True,114.37
AMZ-100642,9777,True,114.37
AMZ-100643,7735,True,114.37
AMZ-100644,5081,True,114.37
AMZ-100645,5086,False,114.37
AMZ-100646,7063,True,114.37
AMZ-100647,5821,True,114.37
AMZ-100648,5162,True,114.37
AMZ-100649,8739,True,114.37
AMZ-100650,7397,True,114.37
AMZ-100651,6932,True,114.37
AMZ-100652,7728,True,114.37
AMZ-100653,8535,True,114.37
AMZ-100654,8446,True,114.37
AMZ-100655,7790,True,114.37
AMZ-100656,7707,True,114.37
AMZ-100657,8933,True,114.37
AMZ-100658,8385,True,114.37
AMZ-100659,5922,True,114.37
AMZ-100660,7175,True,114.37
AMZ-100661,6582,False,114.37
AMZ-100662,5564,True,114.37
AMZ-100663,8258,True,114.37
AMZ-100664,7597,True,114.37
AMZ-100665,7500,True,114.37
AMZ-100666,9566,True,114.37
AMZ-100667,5987,True,114.37
AMZ-100668,8636,True,114.37
AMZ-100669,5223,True,114.37
AMZ-100670,5350,True,114.37
AMZ-100671,6928,False,114.37
AMZ-100672,5348,True,114.37
AMZ-100673,9277,True,114.37
AMZ-100674,9732,True,114.37
AMZ-100675,6017,False,114.37
AMZ-100676,7226,True,114.37
AMZ-100677,9867,True,114.37
AMZ-100678,9124,False,114.37
AMZ-100679,7419,False,114.37
AMZ-100680,6893,False,114.37
AMZ-100681,8040,True,114.37
AMZ-100682,7068,True,114.37
AMZ-100683,6125,True,114.37
AMZ-100684,8117,False,114.37
AMZ-100685,9161,True,114.37
AMZ-100686,9042,True,114.37
AMZ-100687,9433,True,114.37
AMZ-100688,7170,True,114.37
AMZ-100689,5446,True,114.37
AMZ-100690,7658,True,114.37
AMZ-100691,8362,True,114.37
AMZ-100692,7718,True,114.37
AMZ-100693,8483,True,114.37
AMZ-100694,7944,True,114.37
AMZ-100695,9376,True,114.37
AMZ-100696,5595,True,114.37
AMZ-100697,6986,True,114.37
AMZ-100698,7750,True,114.37
AMZ-100699,6074,True,114.37
AMZ-100700,8969,True,114.37
AMZ-100701,9305,True,114.37
AMZ-100702,9221,True,114.37
AMZ-100703,9587,True,114.37
AMZ-100704,8580,True,114.37
AMZ-100705,8007,False,114.37
AMZ-100706,5969,True,114.37
AMZ-100707,5580,False,114.37
AMZ-100708,7824,True,114.37
AMZ-100709,9001,True,114.37
AMZ-100710,6211,True,114.37
AMZ-100711,5229,True,114.37
AMZ-100712,9284,True,114.37
AMZ-100713,8185,True,114.37
AMZ-100714,5501,True,114.37
AMZ-100715,7132,False,114.37
AMZ-100716,5048,False,114.37
AMZ-100717,8566,False,114.37
AMZ-100718,8055,True,114.37
AMZ-100719,5688,True,114.37
AMZ-100720,5386,False,114.37
AMZ-100721,5969,True,114.37
AMZ-100722,8460,True,114.37
AMZ-100723,6005,True,114.37
AMZ-100724,8052,True,114.37
AMZ-100725,8417,False,114.37
AMZ-100726,7302,True,114.37
AMZ-100727,7283,True,114.37
AMZ-100728,6607,True,114.37
AMZ-100729,9366,True,114.37
AMZ-100730,5122,True,114.37
AMZ-100731,6280,False,114.37
AMZ-100732,8727,True,114.37
AMZ-100733,5258,True,114.37
AMZ-100734,5947,True,114.37
AMZ-100735,9958,False,114.37
AMZ-100736,5524,True,114.37
AMZ-100737,5887,False,114.37
AMZ-100738,5207,True,114.37
AMZ-100739,8382,True,114.37
AMZ-100740,7794,True,114.37
AMZ-100741,5148,True,114.37
AMZ-100742,5437,True,114.37
AMZ-100743,7202,True,114.37
AMZ-100744,8749,True,114.37
AMZ-100745,8161,False,114.37
AMZ-100746,8901,True,114.37
AMZ-100747,9453,True,114.37
AMZ-100748,8245,False,114.37
AMZ-100749,9551,True,114.37
AMZ-100750,7823,True,114.37
AMZ-100751,9724,False,114.37
AMZ-100752,8270,True,114.37
AMZ-100753,5485,True,114.37
AMZ-100754,5199,True,114.37
AMZ-100755,9466,True,114.37
AMZ-100756,6982,True,114.37
AMZ-100757,6471,True,114.37
AMZ-100758,9343,False,114.37
AMZ-100759,9883,True,114.37
AMZ-100760,7311,True,114.37
AMZ-100761,8373,True,114.37
AMZ-100762,7078,True,114.37
AMZ-100763,6521,True,114.37
AMZ-100764,5604,True,114.37
AMZ-100765,8848,True,114.37
AMZ-100766,8342,True,114.37
AMZ-100767,6417,False,114.37
AMZ-100768,9597,True,114.37
AMZ-100769,8875,False,114.37
AMZ-100770,7933,True,114.37
AMZ-100771,5548,False,114.37
AMZ-100772,5838,True,114.37
AMZ-100773,8815,True,114.37
AMZ-100774,5847,True,114.37
AMZ-100775,9709,True,114.37
AMZ-100776,9507,True,114.37
AMZ-100777,9773,True,114.37
AMZ-100778,9254,True,114.37
AMZ-100779,9468,True,114.37
AMZ-100780,7272,True,114.37
AMZ-100781,8320,True,114.37
AMZ-100782,7558,True,114.37
AMZ-100783,9698,True,114.37
AMZ-100784,9311,True,114.37
AMZ-100785,6996,False,114.37
AMZ-100786,8673,True,114.37
AMZ-100787,6564,True,114.37
AMZ-100788,9018,True,114.37
AMZ-100789,6840,False,114.37
AMZ-100790,8291,True,114.37
AMZ-100791,7887,True,114.37
AMZ-100792,5726,True,114.37
AMZ-100793,6244,True,114.37
AMZ-100794,8460,True,114.37
AMZ-100795,8718,False,114.37
AMZ-100796,6065,False,114.37
AMZ-100797,9771,True,114.37
AMZ-100798,5282,True,114.37
AMZ-100799,6081,False,114.37
AMZ-100800,8885,True,114.37
AMZ-100801,7881,True,114.37
AMZ-100802,7584,True,114.37
AMZ-100803,7970,True,114.37
AMZ-100804,6152,True,114.37
AMZ-100805,8497,True,114.37
AMZ-100806,5947,False,114.37
AMZ-100807,9760,False,114.37
AMZ-100808,6717,True,114.37
AMZ-100809,5066,True,114.37
AMZ-100810,5636,False,114.37
AMZ-100811,5313,False,114.37
AMZ-100812,8397,True,114.37
AMZ-100813,5564,False,114.37
AMZ-100814,6601,False,114.37
AMZ-100815,5825,True,114.37
AMZ-100816,8670,True,114.37
AMZ-100817,6025,True,114.37
AMZ-100818,7251,True,114.37
AMZ-100819,9757,True,114.37
AMZ-100820,5804,False,114.37
AMZ-100821,7451,True,114.37
AMZ-100822,9631,True,114.37
AMZ-100823,6391,True,114.37
AMZ-100824,6235,True,114.37
AMZ-100825,9032,False,114.37
AMZ-100826,8280,True,114.37
AMZ-100827,9723,True,114.37
AMZ-100828,9844,True,114.37
AMZ-100829,8549,True,114.37
AMZ-100830,9200,True,114.37
AMZ-100831,9141,True,114.37
AMZ-100832,6354,True,114.37
AMZ-100833,6836,True,114.37
AMZ-100834,7892,True,114.37
AMZ-100835,7496,True,114.37
AMZ-100836,7583,False,114.37
AMZ-100837,7558,True,114.37
AMZ-100838,8618,True,114.37
AMZ-100839,6559,True,114.37
AMZ-100840,6507,True,114.37
AMZ-100841,9071,True,114.37
AMZ-100842,7063,True,114.37
AMZ-100843,8642,False,114.37
AMZ-100844,7000,True,114.37
AMZ-100845,6294,True,114.37
AMZ-100846,9065,True,114.37
AMZ-100847,7752,False,114.37
AMZ-100848,6753,True,114.37
AMZ-100849,9210,True,114.37
AMZ-100850,6603,True,114.37
AMZ-100851,6322,True,114.37
AMZ-100852,7441,True,114.37
AMZ-100853,6098,False,114.37
AMZ-100854,6505,True,114.37
AMZ-100855,6126,True,114.37
AMZ-100856,5296,True,114.37
AMZ-100857,8049,True,114.37
AMZ-100858,7225,True,114.37
AMZ-100859,9354,True,114.37
AMZ-100860,8787,True,114.37
AMZ-100861,7096,True,114.37
AMZ-100862,8609,True,114.37
AMZ-100863,7208,True,114.37
AMZ-100864,5175,True,114.37
AMZ-100865,7502,True,114.37
AMZ-100866,8999,True,114.37
AMZ-100867,6667,True,114.37
AMZ-100868,9371,False,114.37
AMZ-100869,7545,False,114.37
AMZ-100870,5675,True,114.37
AMZ-100871,6823,True,114.37
AMZ-100872,6356,True,114.37
AMZ-100873,8072,True,114.37
AMZ-100874,8259,True,114.37
AMZ-100875,5546,True,114.37
AMZ-100876,7083,True,114.37
AMZ-100877,7040,True,114.37
AMZ-100878,9534,True,114.37
AMZ-100879,6752,True,114.37
AMZ-100880,6615,True,114.37
AMZ-100881,6849,True,114.37
AMZ-100882,7642,True,114.37
AMZ-100883,6600,True,114.37
AMZ-100884,8396,True,114.37
AMZ-100885,9402,True,114.37
AMZ-100886,8605,True,114.37
AMZ-100887,8799,True,114.37
AMZ-100888,5618,True,114.37
AMZ-100889,6132,True,114.37
AMZ-100890,7115,True,114.37
AMZ-100891,7339,False,114.37
AMZ-100892,7739,False,114.37
AMZ-100893,9276,True,114.37
AMZ-100894,6487,True,114.37
AMZ-100895,6557,True,114.37
AMZ-100896,7113,True,114.37
AMZ-100897,6044,False,114.37
AMZ-100898,7431,True,114.37
AMZ-100899,6582,True,114.37
AMZ-100900,6308,True,114.37
AMZ-100901,9917,True,114.37
AMZ-100902,5601,True,114.37
AMZ-100903,6620,True,114.37
AMZ-100904,9880,True,114.37
AMZ-100905,9766,False,114.37
AMZ-100906,5100,False,114.37
AMZ-100907,9271,True,114.37
AMZ-100908,5237,True,114.37
AMZ-100909,9025,True,114.37
AMZ-100910,7918,True,114.37
AMZ-100911,7542,True,114.37
AMZ-100912,7003,True,114.37
AMZ-100913,6537,True,114.37
AMZ-100914,5754,True,114.37
AMZ-100915,8368,True,114.37
AMZ-100916,7258,True,114.37
AMZ-100917,8665,False,114.37
AMZ-100918,9235,True,114.37
AMZ-100919,5540,True,114.37
AMZ-100920,5269,False,114.37
AMZ-100921,8460,True,114.37
AMZ-100922,8408,False,114.37
AMZ-100923,5505,True,114.37
AMZ-100924,6129,True,114.37
AMZ-100925,7079,True,114.37
AMZ-100926,8145,True,114.37
AMZ-100927,8242,True,114.37
AMZ-100928,9908,True,114.37
AMZ-100929,5361,True,114.37
AMZ-100930,8720,True,114.37
AMZ-100931,6456,False,114.37
AMZ-100932,9067,False,114.37
AMZ-100933,9195,True,114.37
AMZ-100934,6681,True,114.37
AMZ-100935,6052,True,114.37
AMZ-100936,7509,True,114.37
AMZ-100937,9727,False,114.37
AMZ-100938,5681,True,114.37
AMZ-100939,8932,True,114.37
AMZ-100940,7129,True,114.37
AMZ-100941,9849,True,114.37
AMZ-100942,9016,True,114.37
AMZ-100943,8302,False,114.37
AMZ-100944,5719,True,114.37
AMZ-100945,5074,True,114.37
AMZ-100946,6293,True,114.37
AMZ-100947,6922,False,114.37
AMZ-100948,9157,False,114.37
AMZ-100949,9969,True,114.37
AMZ-100950,5319,True,114.37
AMZ-100951,7149,True,114.37
AMZ-100952,6452,True,114.37
AMZ-100953,9969,False,114.37
AMZ-100954,6555,True,114.37
AMZ-100955,9207,True,114.37
AMZ-100956,8032,True,114.37
AMZ-100957,5460,True,114.37
AMZ-100958,5886,True,114.37
AMZ-100959,8533,True,114.37
AMZ-100960,8936,True,114.37
AMZ-100961,6115,True,114.37
AMZ-100962,6075,True,114.37
AMZ-100963,8876,True,114.37
AMZ-100964,9615,True,114.37
AMZ-100965,9907,True,114.37
AMZ-100966,6924,True,114.37
AMZ-100967,5926,True,114.37
AMZ-100968,9652,True,114.37
AMZ-100969,7281,True,114.37
AMZ-100970,6055,True,114.37
AMZ-100971,9674,False,114.37
AMZ-100972,5541,True,114.37
AMZ-100973,7161,True,114.37
AMZ-100974,7251,True,114.37
AMZ-100975,6052,True,114.37
AMZ-100976,9569,True,114.37
AMZ-100977,7744,True,114.37
AMZ-100978,8869,True,114.37
AMZ-100979,9481,True,114.37
AMZ-100980,9157,True,114.37
AMZ-100981,9610,True,114.37
AMZ-100982,9525,True,114.37
AMZ-100983,9675,True,114.37
AMZ-100984,6560,True,114.37
AMZ-100985,8762,True,114.37
AMZ-100986,6164,True,114.37
AMZ-100987,7722,True,114.37
AMZ-100988,7358,True,114.37
AMZ-100989,5470,False,114.37
AMZ-100990,6416,True,114.37
AMZ-100991,6468,True,114.37
AMZ-100992,5808,True,114.37
AMZ-100993,5171,True,114.37
AMZ-100994,9126,True,114.37
AMZ-100995,9142,True,114.37
AMZ-100996,9225,False,114.37
AMZ-100997,7399,True,114.37
AMZ-100998,6645,False,114.37
AMZ-100999,5057,True,114.37
AMZ-101000,6129,True,114.37
AMZ-101001,6353,True,114.37
AMZ-101002,5767,False,114.37
AMZ-101003,8895,True,114.37
AMZ-101004,5682,False,114.37
AMZ-101005,8454,True,114.37
AMZ-101006,7008,True,114.37
AMZ-101007,8142,False,114.37
AMZ-101008,6790,True,114.37
AMZ-101009,6477,True,114.37
AMZ-101010,5885,True,114.37
AMZ-101011,8906,False,114.37
AMZ-101012,9492,False,114.37
AMZ-101013,6538,True,114.37
AMZ-101014,7073,True,114.37
AMZ-101015,5312,False,114.37
AMZ-101016,5810,True,114.37
AMZ-101017,7235,True,114.37
AMZ-101018,7857,False,114.37
AMZ-101019,7763,True,114.37
AMZ-101020,7032,True,114.37
AMZ-101021,6507,True,114.37
AMZ-101022,9545,False,114.37
AMZ-101023,7570,False,114.37
AMZ-101024,6894,False,114.37
AMZ-101025,7705,True,114.37
AMZ-101026,5596,False,114.37
AMZ-101027,7147,False,114.37
AMZ-101028,5615,True,114.37
AMZ-101029,5947,False,114.37
AMZ-101030,9651,True,114.37
AMZ-101031,9373,True,114.37
AMZ-101032,8764,True,114.37
AMZ-101033,7013,True,114.37
AMZ-101034,8697,True,114.37
AMZ-101035,5490,True,114.37
AMZ-101036,9350,True,114.37
AMZ-101037,7428,True,114.37
AMZ-101038,9987,True,114.37
AMZ-101039,5541,True,114.37
AMZ-101040,6287,True,114.37
AMZ-101041,6633,True,114.37
AMZ-101042,9920,True,114.37
AMZ-101043,7926,True,114.37
AMZ-101044,6352,False,114.37
AMZ-101045,9376,True,114.37
AMZ-101046,6298,True,114.37
AMZ-101047,9868,True,114.37
AMZ-101048,8967,False,114.37
AMZ-101049,9423,True,114.37
AMZ-101050,7258,False,114.37
AMZ-101051,9647,True,114.37
AMZ-101052,7073,False,114.37
AMZ-101053,5701,True,114.37
AMZ-101054,6919,False,114.37
AMZ-101055,7460,True,114.37
AMZ-101056,9262,True,114.37
AMZ-101057,9264,True,114.37
AMZ-101058,9324,True,114.37
AMZ-101059,5366,True,114.37
AMZ-101060,5527,False,114.37
AMZ-101061,9886,False,114.37
AMZ-101062,8718,True,114.37
AMZ-101063,8609,True,114.37
AMZ-101064,8935,True,114.37
AMZ-101065,9619,True,114.37
AMZ-101066,7153,True,114.37
AMZ-101067,6908,True,114.37
AMZ-101068,8012,True,114.37
AMZ-101069,9228,True,114.37
AMZ-101070,8022,True,114.37
AMZ-101071,8483,True,114.37
AMZ-101072,7720,True,114.37
AMZ-101073,6770,True,114.37
AMZ-101074,9113,False,114.37
AMZ-101075,6777,True,114.37
AMZ-101076,9212,True,114.37
AMZ-101077,5797,True,114.37
AMZ-101078,8215,True,114.37
AMZ-101079,8788,False,114.37
AMZ-101080,7976,True,114.37
AMZ-101081,8737,True,114.37
AMZ-101082,6711,True,114.37
AMZ-101083,5752,False,114.37
AMZ-101084,7469,False,114.37
AMZ-101085,8969,True,114.37
AMZ-101086,6392,True,114.37
AMZ-101087,7605,True,114.37
AMZ-101088,5677,False,114.37
AMZ-101089,5105,True,114.37
AMZ-101090,8287,False,114.37
AMZ-101091,9753,True,114.37
AMZ-101092,6946,True,114.37
AMZ-101093,6095,True,114.37
AMZ-101094,6782,True,114.37
AMZ-101095,9541,True,114.37
AMZ-101096,8257,True,114.37
AMZ-101097,6997,True,114.37
AMZ-101098,9869,True,114.37
AMZ-101099,6561,True,114.37
AMZ-101100,9006,True,114.37
AMZ-101101,6675,False,114.37
AMZ-101102,6122,False,114.37
AMZ-101103,8981,False,114.37
AMZ-101104,6301,False,114.37
AMZ-101105,5943,True,114.37
AMZ-101106,9550,True,114.37
AMZ-101107,5945,True,114.37
AMZ-101108,5600,True,114.37
AMZ-101109,7700,True,114.37
AMZ-101110,9820,False,114.37
AMZ-101111,6417,True,114.37
AMZ-101112,6524,True,114.37
AMZ-101113,8766,True,114.37
AMZ-101114,5250,True,114.37
AMZ-101115,6544,True,114.37
AMZ-101116,5078,True,114.37
AMZ-101117,8123,False,114.37
AMZ-101118,5897,True,114.37
AMZ-101119,9876,True,114.37
AMZ-101120,5225,False,114.37
AMZ-101121,6209,False,114.37
AMZ-101122,9898,False,114.37
AMZ-101123,9837,False,114.37
AMZ-101124,7178,True,114.37
AMZ-101125,7679,True,114.37
AMZ-101126,7885,True,114.37
AMZ-101127,7806,True,114.37
AMZ-101128,5703,True,114.37
AMZ-101129,7544,True,114.37
AMZ-101130,7370,True,114.37
AMZ-101131,8281,True,114.37
AMZ-101132,9710,True,114.37
AMZ-101133,5328,True,114.37
AMZ-101134,9228,True,114.37
AMZ-101135,9930,True,114.37
AMZ-101136,5120,False,114.37
AMZ-101137,5964,True,114.37
AMZ-101138,9224,True,114.37
AMZ-101139,8675,True,114.37
AMZ-101140,7076,False,114.37
AMZ-101141,5332,True,114.37
AMZ-101142,8368,True,114.37
AMZ-101143,6316,True,114.37
AMZ-101144,6196,True,114.37
AMZ-101145,8170,False,114.37
AMZ-101146,6429,True,114.37
AMZ-101147,5355,True,114.37
AMZ-101148,9234,False,114.37
AMZ-101149,6526,False,114.37
AMZ-101150,8897,True,114.37
AMZ-101151,5028,False,114.37
AMZ-101152,6013,True,114.37
AMZ-101153,7702,True,114.37
AMZ-101154,5827,True,114.37
AMZ-101155,9446,True,114.37
AMZ-101156,7024,True,114.37
AMZ-101157,5298,False,114.37
AMZ-101158,6865,False,114.37
AMZ-101159,9016,True,114.37
AMZ-101160,7111,False,114.37
AMZ-101161,5754,True,114.37
AMZ-101162,5769,True,114.37
AMZ-101163,8735,True,114.37
AMZ-101164,6238,True,114.37
AMZ-101165,9929,False,114.37
AMZ-101166,7213,False,114.37
AMZ-101167,6906,True,114.37
AMZ-101168,6564,True,114.37
AMZ-101169,6218,True,114.37
AMZ-101170,9601,True,114.37
AMZ-101171,6357,False,114.37
AMZ-101172,8839,True,114.37
AMZ-101173,6460,True,114.37
AMZ-101174,8985,True,114.37
AMZ-101175,6416,True,114.37
AMZ-101176,7853,True,114.37
AMZ-101177,9856,True,114.37
AMZ-101178,9928,True,114.37
AMZ-101179,6428,True,114.37
AMZ-101180,9378,False,114.37
AMZ-101181,9474,True,114.37
AMZ-101182,9293,True,114.37
AMZ-101183,8062,False,114.37
AMZ-101184,8071,True,114.37
AMZ-101185,5555,False,114.37
AMZ-101186,5355,True,114.37
AMZ-101187,6563,True,114.37
AMZ-101188,8500,True,114.37
AMZ-101189,6040,True,114.37
AMZ-101190,7686,True,114.37
AMZ-101191,9474,True,114.37
AMZ-101192,9775,True,114.37
AMZ-101193,7553,True,114.37
AMZ-101194,6779,True,114.37
AMZ-101195,9994,False,114.37
AMZ-101196,5075,False,114.37
AMZ-101197,9326,False,114.37
AMZ-101198,8319,True,114.37
AMZ-101199,7349,True,114.37
AMZ-101200,7773,True,114.37
AMZ-101201,7262,True,114.37
AMZ-101202,8229,True,114.37
AMZ-101203,7116,True,114.37
AMZ-101204,5392,True,114.37
AMZ-101205,6108,True,114.37
AMZ-101206,9362,True,114.37
AMZ-101207,5610,True,114.37
AMZ-101208,7775,True,114.37
AMZ-101209,8998,False,114.37
AMZ-101210,5672,True,114.37
AMZ-101211,8677,True,114.37
AMZ-101212,5030,True,114.37
AMZ-101213,6400,True,114.37
AMZ-101214,9071,True,114.37
AMZ-101215,5616,True,114.37
AMZ-101216,9634,True,114.37
AMZ-101217,7786,True,114.37
AMZ-101218,5870,True,114.37
AMZ-101219,9196,True,114.37
AMZ-101220,8604,False,114.37
AMZ-101221,6412,True,114.37
AMZ-101222,7739,True,114.37
AMZ-101223,5940,False,114.37
AMZ-101224,5340,True,114.37
AMZ-101225,7908,True,114.37
AMZ-101226,9133,True,114.37
AMZ-101227,5659,True,114.37
AMZ-101228,7033,False,114.37
AMZ-101229,6560,True,114.37
AMZ-101230,8457,False,114.37
AMZ-101231,6656,True,114.37
AMZ-101232,7975,True,114.37
AMZ-101233,6049,True,114.37
AMZ-101234,5453,True,114.37
AMZ-101235,6704,True,114.37
AMZ-101236,7784,False,114.37
AMZ-101237,5818,True,114.37
AMZ-101238,9868,False,114.37
AMZ-101239,5012,True,114.37
AMZ-101240,8979,False,114.37
AMZ-101241,5920,True,114.37
AMZ-101242,9920,True,114.37
AMZ-101243,7418,False,114.37
AMZ-101244,6314,True,114.37
AMZ-101245,8677,True,114.37
AMZ-101246,7017,True,114.37
AMZ-101247,6228,True,114.37
AMZ-101248,9792,False,114.37
AMZ-101249,7434,True,114.37
AMZ-101250,7868,True,114.37
AMZ-101251,7515,True,114.37
AMZ-101252,6438,True,114.37
AMZ-101253,9164,True,114.37
AMZ-101254,8543,True,114.37
AMZ-101255,8175,True,114.37
AMZ-101256,6781,True,114.37
AMZ-101257,7263,True,114.37
AMZ-101258,6969,True,114.37
AMZ-101259,5211,True,114.37
AMZ-101260,5507,True,114.37
AMZ-101261,5331,True,114.37
AMZ-101262,5550,True,114.37
AMZ-101263,5941,True,114.37
AMZ-101264,5727,True,114.37
AMZ-101265,9975,True,114.37
AMZ-101266,7862,True,114.37
AMZ-101267,8243,True,114.37
AMZ-101268,5648,True,114.37
AMZ-101269,7737,True,114.37
AMZ-101270,7747,True,114.37
AMZ-101271,6009,False,114.37
AMZ-101272,6550,True,114.37
AMZ-101273,5803,True,114.37
AMZ-101274,9080,True,114.37
AMZ-101275,9309,True,114.37
AMZ-101276,9264,True,114.37
AMZ-101277,8401,False,114.37
AMZ-101278,9241,True,114.37
AMZ-101279,9611,True,114.37
AMZ-101280,8161,True,114.37
AMZ-101281,9548,True,114.37
AMZ-101282,9155,True,114.37
AMZ-101283,5527,True,114.37
AMZ-101284,8298,True,114.37
AMZ-101285,6023,True,114.37
AMZ-101286,8734,True,114.37
AMZ-101287,5432,True,114.37
AMZ-101288,6176,True,114.37
AMZ-101289,5400,True,114.37
AMZ-101290,7104,True,114.37
AMZ-101291,8050,True,114.37
AMZ-101292,7233,True,114.37
AMZ-101293,7445,True,114.37
AMZ-101294,9700,False,114.37
AMZ-101295,7835,True,114.37
AMZ-101296,7513,True,114.37
AMZ-101297,6773,True,114.37
AMZ-101298,6096,True,114.37
AMZ-101299,5928,True,114.37
AMZ-101300,6951,True,114.37
AMZ-101301,6973,False,114.37
AMZ-101302,6554,True,114.37
AMZ-101303,7778,True,114.37
AMZ-101304,9421,True,114.37
AMZ-101305,5994,False,114.37
AMZ-101306,5612,True,114.37
AMZ-101307,7593,False,114.37
AMZ-101308,5595,True,114.37
AMZ-101309,5841,False,114.37
AMZ-101310,9439,True,114.37
AMZ-101311,5858,False,114.37
AMZ-101312,5444,True,114.37
AMZ-101313,6788,False,114.37
AMZ-101314,9317,True,114.37
AMZ-101315,8454,True,114.37
AMZ-101316,8952,True,114.37
AMZ-101317,9687,True,114.37
AMZ-101318,6030,True,114.37
AMZ-101319,6295,True,114.37
AMZ-101320,7063,True,114.37
AMZ-101321,6447,True,114.37
AMZ-101322,7045,False,114.37
AMZ-101323,9619,True,114.37
AMZ-101324,7850,False,114.37
AMZ-101325,8824,True,114.37
AMZ-101326,7068,True,114.37
AMZ-101327,8761,True,114.37
AMZ-101328,7275,True,114.37
AMZ-101329,6808,True,114.37
AMZ-101330,6311,True,114.37
AMZ-101331,9055,True,114.37
AMZ-101332,7451,True,114.37
AMZ-101333,6089,False,114.37
AMZ-101334,6672,False,114.37
AMZ-101335,8675,True,114.37
AMZ-101336,9532,True,114.37
AMZ-101337,9924,True,114.37
AMZ-101338,9354,True,114.37
AMZ-101339,7003,True,114.37
AMZ-101340,9198,True,114.37
AMZ-101341,9864,True,114.37
AMZ-101342,6124,False,114.37
AMZ-101343,6221,True,114.37
AMZ-101344,7860,True,114.37
AMZ-101345,7273,True,114.37
AMZ-101346,7990,True,114.37
AMZ-101347,7510,True,114.37
AMZ-101348,5236,False,114.37
AMZ-101349,6144,True,114.37
AMZ-101350,8253,False,114.37
AMZ-101351,8782,True,114.37
AMZ-101352,5766,True,114.37
AMZ-101353,7681,True,114.37
AMZ-101354,7665,True,114.37
AMZ-101355,6759,False,114.37
AMZ-101356,8491,False,114.37
AMZ-101357,7815,True,114.37
AMZ-101358,8513,True,114.37
AMZ-101359,5495,True,114.37
AMZ-101360,8180,False,114.37
AMZ-101361,8930,True,114.37
AMZ-101362,7072,True,114.37
AMZ-101363,5337,True,114.37
AMZ-101364,8949,True,114.37
AMZ-101365,8108,True,114.37
AMZ-101366,6817,True,114.37
AMZ-101367,5136,False,114.37
AMZ-101368,7555,True,114.37
AMZ-101369,9415,True,114.37
AMZ-101370,5915,False,114.37
AMZ-101371,8538,True,114.37
AMZ-101372,7100,False,114.37
AMZ-101373,7907,True,114.37
AMZ-101374,7914,True,114.37
AMZ-101375,6982,False,114.37
AMZ-101376,8870,True,114.37
AMZ-101377,9528,True,114.37
AMZ-101378,8567,True,114.37
AMZ-101379,5998,True,114.37
AMZ-101380,7147,True,114.37
AMZ-101381,9694,True,114.37
AMZ-101382,5395,False,114.37
AMZ-101383,8598,True,114.37
AMZ-101384,9510,True,114.37
AMZ-101385,5938,True,114.37
AMZ-101386,6636,True,114.37
AMZ-101387,7724,True,114.37
AMZ-101388,7510,False,114.37
AMZ-101389,9636,True,114.37
AMZ-101390,6649,True,114.37
AMZ-101391,8690,True,114.37
AMZ-101392,8435,True,114.37
AMZ-101393,8201,True,114.37
AMZ-101394,9179,True,114.37
AMZ-101395,9366,False,114.37
AMZ-101396,7291,True,114.37
AMZ-101397,9483,True,114.37
AMZ-101398,5213,True,114.37
AMZ-101399,8237,True,114.37
AMZ-101400,8862,True,114.37
AMZ-101401,5058,True,114.37
AMZ-101402,7930,True,114.37
AMZ-101403,9938,True,114.37
AMZ-101404,7971,True,114.37
AMZ-101405,6527,True,114.37
AMZ-101406,5122,False,114.37
AMZ-101407,8719,False,114.37
AMZ-101408,6436,True,114.37
AMZ-101409,6162,False,114.37
AMZ-101410,8300,True,114.37
AMZ-101411,8345,True,114.37
AMZ-101412,7486,True,114.37
AMZ-101413,5561,True,114.37
AMZ-101414,8981,True,114.37
AMZ-101415,6737,False,114.37
AMZ-101416,5904,True,114.37
AMZ-101417,8554,True,114.37
AMZ-101418,9490,True,114.37
AMZ-101419,6726,False,114.37
AMZ-101420,7923,True,114.37
AMZ-101421,8531,True,114.37
AMZ-101422,8906,True,114.37
AMZ-101423,5934,True,114.37
AMZ-101424,5074,False,114.37
AMZ-101425,5294,False,114.37
AMZ-101426,5020,True,114.37
AMZ-101427,8242,False,114.37
AMZ-101428,6038,True,114.37
AMZ-101429,9655,False,114.37
AMZ-101430,6109,True,114.37
AMZ-101431,8771,True,114.37
AMZ-101432,5371,True,114.37
AMZ-101433,9913,True,114.37
AMZ-101434,6174,True,114.37
AMZ-101435,6164,True,114.37
AMZ-101436,6092,True,114.37
AMZ-101437,6283,True,114.37
AMZ-101438,7011,True,114.37
AMZ-101439,5845,True,114.37
AMZ-101440,6991,False,114.37
AMZ-101441,5520,True,114.37
AMZ-101442,9466,True,114.37
AMZ-101443,9196,True,114.37
AMZ-101444,9756,False,114.37
AMZ-101445,5242,True,114.37
AMZ-101446,7800,True,114.37
AMZ-101447,9607,False,114.37
AMZ-101448,7896,False,114.37
AMZ-101449,7602,True,114.37
AMZ-101450,7273,True,114.37
AMZ-101451,6541,True,114.37
AMZ-101452,7765,False,114.37
AMZ-101453,7114,True,114.37
AMZ-101454,9491,True,114.37
AMZ-101455,9707,False,114.37
AMZ-101456,8083,True,114.37
AMZ-101457,6857,True,114.37
AMZ-101458,5769,True,114.37
AMZ-101459,6422,True,114.37
AMZ-101460,5406,True,114.37
AMZ-101461,7972,True,114.37
AMZ-101462,6872,True,114.37
AMZ-101463,7694,True,114.37
AMZ-101464,7269,False,114.37
AMZ-101465,9749,True,114.37
AMZ-101466,6181,False,114.37
AMZ-101467,6439,True,114.37
AMZ-101468,8053,False,114.37
AMZ-101469,8333,True,114.37
AMZ-101470,7897,True,114.37
AMZ-101471,7903,True,114.37
AMZ-101472,5228,False,114.37
AMZ-101473,8959,True,114.37
AMZ-101474,6893,True,114.37
AMZ-101475,6313,True,114.37
AMZ-101476,6070,False,114.37
AMZ-101477,5974,True,114.37
AMZ-101478,6738,True,114.37
AMZ-101479,8285,True,114.37
AMZ-101480,5757,False,114.37
AMZ-101481,8095,True,114.37
AMZ-101482,5320,True,114.37
AMZ-101483,7321,True,114.37
AMZ-101484,5555,True,114.37
AMZ-101485,9939,True,114.37
AMZ-101486,6386,True,114.37
AMZ-101487,9763,True,114.37
AMZ-101488,8047,True,114.37
AMZ-101489,7427,True,114.37
AMZ-101490,7004,True,114.37
AMZ-101491,6930,True,114.37
AMZ-101492,9841,True,114.37
AMZ-101493,9770,True,114.37
AMZ-101494,7163,True,114.37
AMZ-101495,8867,True,114.37
AMZ-101496,7426,True,114.37
AMZ-101497,8793,True,114.37
AMZ-101498,7513,True,114.37
AMZ-101499,8803,False,114.37
AMZ-101500,7327,True,114.37
AMZ-101501,5617,True,114.37
AMZ-101502,7165,True,114.37
AMZ-101503,8308,True,114.37
AMZ-101504,5992,True,114.37
AMZ-101505,6377,True,114.37
AMZ-101506,9381,True,114.37
AMZ-101507,8174,True,114.37
AMZ-101508,9782,True,114.37
AMZ-101509,6305,True,114.37
AMZ-101510,9833,False,114.37
AMZ-101511,8078,True,114.37
AMZ-101512,7686,False,114.37
AMZ-101513,7983,True,114.37
AMZ-101514,7523,True,114.37
AMZ-101515,8582,True,114.37
AMZ-101516,6485,True,114.37
AMZ-101517,7100,False,114.37
AMZ-101518,9581,True,114.37
AMZ-101519,8715,False,114.37
AMZ-101520,7001,True,114.37
AMZ-101521,6387,False,114.37
AMZ-101522,8183,True,114.37
AMZ-101523,6030,True,114.37
AMZ-101524,6765,True,114.37
AMZ-101525,9763,True,114.37
AMZ-101526,6220,True,114.37
AMZ-101527,9930,True,114.37
AMZ-101528,9971,False,114.37
AMZ-101529,8806,True,114.37
AMZ-101530,7414,True,114.37
AMZ-101531,9345,True,114.37
AMZ-101532,6618,True,114.37
AMZ-101533,6263,True,114.37
AMZ-101534,5871,True,114.37
AMZ-101535,5834,True,114.37
AMZ-101536,7822,True,114.37
AMZ-101537,5918,True,114.37
AMZ-101538,6724,True,114.37
AMZ-101539,7413,True,114.37
AMZ-101540,6313,True,114.37
AMZ-101541,9498,True,114.37
AMZ-101542,7105,True,114.37
AMZ-101543,7568,True,114.37
AMZ-101544,6138,False,114.37
AMZ-101545,5209,True,114.37
AMZ-101546,6064,False,114.37
AMZ-101547,9911,True,114.37
AMZ-101548,7220,True,114.37
AMZ-101549,5233,True,114.37
AMZ-101550,5792,False,114.37
AMZ-101551,8110,True,114.37
AMZ-101552,7166,False,114.37
AMZ-101553,5334,False,114.37
AMZ-101554,6359,True,114.37
AMZ-101555,6214,True,114.37
AMZ-101556,9419,True,114.37
AMZ-101557,5283,True,114.37
AMZ-101558,5212,False,114.37
AMZ-101559,6658,False,114.37
AMZ-101560,9078,True,114.37
AMZ-101561,9847,True,114.37
AMZ-101562,6417,True,114.37
AMZ-101563,7386,True,114.37
AMZ-101564,6794,False,114.37
AMZ-101565,5104,True,114.37
AMZ-101566,9865,True,114.37
AMZ-101567,8893,True,114.37
AMZ-101568,8845,True,114.37
AMZ-101569,8690,True,114.37
AMZ-101570,8292,True,114.37
AMZ-101571,5378,True,114.37
AMZ-101572,8293,True,114.37
AMZ-101573,8329,False,114.37
AMZ-101574,9808,True,114.37
AMZ-101575,8438,True,114.37
AMZ-101576,5224,True,114.37
AMZ-101577,5737,True,114.37
AMZ-101578,5235,True,114.37
AMZ-101579,9278,True,114.37
AMZ-101580,5711,True,114.37
AMZ-101581,6888,True,114.37
AMZ-101582,9718,True,114.37
AMZ-101583,6259,True,114.37
AMZ-101584,5748,False,114.37
AMZ-101585,8986,True,114.37
AMZ-101586,8551,True,114.37
AMZ-101587,5509,True,114.37
AMZ-101588,6823,True,114.37
AMZ-101589,9880,True,114.37
AMZ-101590,7941,True,114.37
AMZ-101591,9232,False,114.37
AMZ-101592,7134,True,114.37
AMZ-101593,6777,True,114.37
AMZ-101594,6222,True,114.37
AMZ-101595,8667,True,114.37
AMZ-101596,6777,True,114.37
AMZ-101597,6304,True,114.37
AMZ-101598,9859,True,114.37
AMZ-101599,5701,False,114.37
AMZ-101600,7989,True,114.37
AMZ-101601,5151,True,114.37
AMZ-101602,6325,True,114.37
AMZ-101603,6301,True,114.37
AMZ-101604,8722,True,114.37
AMZ-101605,6711,True,114.37
AMZ-101606,5806,True,114.37
AMZ-101607,9330,False,114.37
AMZ-101608,7722,True,114.37
AMZ-101609,9656,True,114.37
AMZ-101610,6325,False,114.37
AMZ-101611,9133,True,114.37
AMZ-101612,6159,True,114.37
AMZ-101613,7869,True,114.37
AMZ-101614,9516,True,114.37
AMZ-101615,6242,True,114.37
AMZ-101616,5347,False,114.37
AMZ-101617,6831,True,114.37
AMZ-101618,6569,True,114.37
AMZ-101619,8935,True,114.37
AMZ-101620,6918,True,114.37
AMZ-101621,8232,True,114.37
AMZ-101622,8758,True,114.37
AMZ-101623,7355,False,114.37
AMZ-101624,6397,True,114.37
AMZ-101625,7780,True,114.37
AMZ-101626,6824,True,114.37
AMZ-101627,7491,True,114.37
AMZ-101628,9060,True,114.37
AMZ-101629,5404,True,114.37
AMZ-101630,6721,True,114.37
AMZ-101631,7825,True,114.37
AMZ-101632,8845,True,114.37
AMZ-101633,9210,True,114.37
AMZ-101634,8192,False,114.37
AMZ-101635,5064,True,114.37
AMZ-101636,6299,True,114.37
AMZ-101637,9920,True,114.37
AMZ-101638,6415,False,114.37
AMZ-101639,8593,False,114.37
AMZ-101640,5968,True,114.37
AMZ-101641,5368,False,114.37
AMZ-101642,5232,True,114.37
AMZ-101643,7242,True,114.37
AMZ-101644,8083,True,114.37
AMZ-101645,5920,True,114.37
AMZ-101646,5688,True,114.37
AMZ-101647,9272,False,114.37
AMZ-101648,6469,True,114.37
AMZ-101649,9725,True,114.37
AMZ-101650,9259,True,114.37
AMZ-101651,8622,True,114.37
AMZ-101652,7100,True,114.37
AMZ-101653,7265,True,114.37
AMZ-101654,8789,True,114.37
AMZ-101655,5823,False,114.37
AMZ-101656,8431,True,114.37
AMZ-101657,9151,True,114.37
AMZ-101658,9213,True,114.37
AMZ-101659,5797,True,114.37
AMZ-101660,5779,True,114.37
AMZ-101661,7850,True,114.37
AMZ-101662,7892,False,114.37
AMZ-101663,6893,True,114.37
AMZ-101664,8306,False,114.37
AMZ-101665,7902,False,114.37
AMZ-101666,9803,True,114.37
AMZ-101667,8718,False,114.37
AMZ-101668,5021,True,114.37
AMZ-101669,6500,False,114.37
AMZ-101670,5842,True,114.37
AMZ-101671,6760,False,114.37
AMZ-101672,8641,False,114.37
AMZ-101673,5191,False,114.37
AMZ-101674,5395,True,114.37
AMZ-101675,9662,True,114.37
AMZ-101676,9326,True,114.37
AMZ-101677,5873,True,114.37
AMZ-101678,7621,True,114.37
AMZ-101679,9335,True,114.37
AMZ-101680,5089,True,114.37
AMZ-101681,7279,False,114.37
AMZ-101682,5456,True,114.37
AMZ-101683,7280,False,114.37
AMZ-101684,9449,True,114.37
AMZ-101685,6004,False,114.37
AMZ-101686,9534,False,114.37
AMZ-101687,5344,True,114.37
AMZ-101688,7711,True,114.37
AMZ-101689,9752,True,114.37
AMZ-101690,7462,True,114.37
AMZ-101691,6116,True,114.37
AMZ-101692,5625,True,114.37
AMZ-101693,9379,True,114.37
AMZ-101694,6979,True,114.37
AMZ-101695,8994,True,114.37
AMZ-101696,6678,True,114.37
AMZ-101697,5222,True,114.37
AMZ-101698,5743,False,114.37
AMZ-101699,5462,True,114.37
AMZ-101700,6568,False,114.37
AMZ-101701,8347,True,114.37
AMZ-101702,6736,True,114.37
AMZ-101703,9039,True,114.37
AMZ-101704,8951,True,114.37
AMZ-101705,5664,True,114.37
AMZ-101706,6356,True,114.37
AMZ-101707,6014,True,114.37
AMZ-101708,7132,True,114.37
AMZ-101709,7668,True,114.37
AMZ-101710,6054,True,114.37
AMZ-101711,6764,True,114.37
AMZ-101712,9458,True,114.37
AMZ-101713,7869,True,114.37
AMZ-101714,6412,True,114.37
AMZ-101715,5667,False,114.37
AMZ-101716,8370,True,114.37
AMZ-101717,6394,True,114.37
AMZ-101718,5098,False,114.37
AMZ-101719,9070,True,114.37
AMZ-101720,5421,True,114.37
AMZ-101721,8650,True,114.37
AMZ-101722,9157,True,114.37
AMZ-101723,6132,True,114.37
AMZ-101724,6702,True,114.37
AMZ-101725,8620,True,114.37
AMZ-101726,8190,True,114.37
AMZ-101727,5597,False,114.37
AMZ-101728,5391,False,114.37
AMZ-101729,6075,True,114.37
AMZ-101730,7650,True,114.37
AMZ-101731,7384,True,114.37
AMZ-101732,5809,True,114.37
AMZ-101733,8309,True,114.37
AMZ-101734,8738,True,114.37
AMZ-101735,6159,False,114.37
AMZ-101736,6531,True,114.37
AMZ-101737,9976,True,114.37
AMZ-101738,7682,True,114.37
AMZ-101739,5253,True,114.37
AMZ-101740,8548,False,114.37
AMZ-101741,8185,True,114.37
AMZ-101742,6231,True,114.37
AMZ-101743,7423,True,114.37
AMZ-101744,8575,True,114.37
AMZ-101745,9261,True,114.37
AMZ-101746,6573,True,114.37
AMZ-101747,7908,True,114.37
AMZ-101748,9712,True,114.37
AMZ-101749,6625,True,114.37
AMZ-101750,8998,True,114.37
AMZ-101751,8883,True,114.37
AMZ-101752,8515,True,114.37
AMZ-101753,8403,True,114.37
AMZ-101754,9598,False,114.37
AMZ-101755,9680,False,114.37
AMZ-101756,6958,False,114.37
AMZ-101757,9009,True,114.37
AMZ-101758,7735,True,114.37
AMZ-101759,9491,True,114.37
AMZ-101760,8174,True,114.37
AMZ-101761,5401,False,114.37
AMZ-101762,5974,True,114.37
AMZ-101763,5223,True,114.37
AMZ-101764,9613,True,114.37
AMZ-101765,5235,True,114.37
AMZ-101766,8498,True,114.37
AMZ-101767,9211,True,114.37
AMZ-101768,8234,True,114.37
AMZ-101769,5225,True,114.37
AMZ-101770,7277,True,114.37
AMZ-101771,9277,True,114.37
AMZ-101772,6341,False,114.37
AMZ-101773,9036,False,114.37
AMZ-101774,5209,True,114.37
AMZ-101775,8727,True,114.37
AMZ-101776,8928,True,114.37
AMZ-101777,9989,True,114.37
AMZ-101778,7803,True,114.37
AMZ-101779,6109,False,114.37
AMZ-101780,7026,True,114.37
AMZ-101781,5393,False,114.37
AMZ-101782,5843,True,114.37
AMZ-101783,6524,True,114.37
AMZ-101784,5603,True,114.37
AMZ-101785,5581,False,114.37
AMZ-101786,6939,True,114.37
AMZ-101787,5132,True,114.37
AMZ-101788,7838,True,114.37
AMZ-101789,8385,True,114.37
AMZ-101790,8770,True,114.37
AMZ-101791,7268,True,114.37
AMZ-101792,5975,True,114.37
AMZ-101793,6813,True,114.37
AMZ-101794,8263,True,114.37
AMZ-101795,6543,True,114.37
AMZ-101796,7835,True,114.37
AMZ-101797,7738,True,114.37
AMZ-101798,6357,True,114.37
AMZ-101799,9134,True,114.37
AMZ-101800,6316,False,114.37
AMZ-101801,5161,True,114.37
AMZ-101802,6909,True,114.37
AMZ-101803,6127,True,114.37
AMZ-101804,8870,True,114.37
AMZ-101805,6658,True,114.37
AMZ-101806,8125,True,114.37
AMZ-101807,6963,True,114.37
AMZ-101808,7289,True,114.37
AMZ-101809,5966,True,114.37
AMZ-101810,5889,True,114.37
AMZ-101811,8061,True,114.37
AMZ-101812,8629,True,114.37
AMZ-101813,8189,True,114.37
AMZ-101814,7748,True,114.37
AMZ-101815,6666,False,114.37
AMZ-101816,8066,True,114.37
AMZ-101817,6441,True,114.37
AMZ-101818,6067,True,114.37
AMZ-101819,9223,True,114.37
AMZ-101820,7923,True,114.37
AMZ-101821,9253,True,114.37
AMZ-101822,8856,True,114.37
AMZ-101823,5826,True,114.37
AMZ-101824,9607,True,114.37
AMZ-101825,8985,True,114.37
AMZ-101826,7092,True,114.37
AMZ-101827,8179,False,114.37
AMZ-101828,9538,True,114.37
AMZ-101829,8901,True,114.37
AMZ-101830,7362,False,114.37
AMZ-101831,7224,True,114.37
AMZ-101832,6726,True,114.37
AMZ-101833,7006,True,114.37
AMZ-101834,5266,False,114.37
AMZ-101835,5837,True,114.37
AMZ-101836,9584,True,114.37
AMZ-101837,9797,True,114.37
AMZ-101838,5686,False,114.37
AMZ-101839,8361,True,114.37
AMZ-101840,5356,True,114.37
AMZ-101841,8815,True,114.37
AMZ-101842,5871,True,114.37
AMZ-101843,6973,True,114.37
AMZ-101844,9647,False,114.37
AMZ-101845,6810,True,114.37
AMZ-101846,9418,True,114.37
AMZ-101847,7641,True,114.37
AMZ-101848,7228,False,114.37
AMZ-101849,8391,True,114.37
AMZ-101850,9178,True,114.37
AMZ-101851,7350,False,114.37
AMZ-101852,9357,False,114.37
AMZ-101853,9879,False,114.37
AMZ-101854,7739,False,114.37
AMZ-101855,7730,True,114.37
AMZ-101856,6318,True,114.37
AMZ-101857,6535,True,114.37
AMZ-101858,9784,False,114.37
AMZ-101859,7443,True,114.37
AMZ-101860,6772,True,114.37
AMZ-101861,8209,True,114.37
AMZ-101862,9934,True,114.37
AMZ-101863,5877,True,114.37
AMZ-101864,7870,False,114.37
AMZ-101865,8200,False,114.37
AMZ-101866,9144,True,114.37
AMZ-101867,8747,True,114.37
AMZ-101868,7836,True,114.37
AMZ-101869,5292,True,114.37
AMZ-101870,6651,False,114.37
AMZ-101871,9631,True,114.37
AMZ-101872,9406,True,114.37
AMZ-101873,5536,False,114.37
AMZ-101874,7686,True,114.37
AMZ-101875,5233,True,114.37
AMZ-101876,7652,True,114.37
AMZ-101877,7374,True,114.37
AMZ-101878,7272,True,114.37
AMZ-101879,5966,True,114.37
AMZ-101880,5889,True,114.37
AMZ-101881,8863,False,114.37
AMZ-101882,8400,True,114.37
AMZ-101883,5034,True,114.37
AMZ-101884,9542,True,114.37
AMZ-101885,8523,True,114.37
AMZ-101886,6763,True,114.37
AMZ-101887,8291,True,114.37
AMZ-101888,7488,True,114.37
AMZ-101889,7700,False,114.37
AMZ-101890,6558,True,114.37
AMZ-101891,9690,True,114.37
AMZ-101892,7276,False,114.37
AMZ-101893,9006,True,114.37
AMZ-101894,9439,True,114.37
AMZ-101895,6103,True,114.37
AMZ-101896,6419,True,114.37
AMZ-101897,6478,True,114.37
AMZ-101898,8914,True,114.37
AMZ-101899,8742,True,114.37
AMZ-101900,7956,True,114.37
AMZ-101901,6382,True,114.37
AMZ-101902,7574,True,114.37
AMZ-101903,8384,True,114.37
AMZ-101904,6569,True,114.37
AMZ-101905,6894,True,114.37
AMZ-101906,7243,False,114.37
AMZ-101907,6866,True,114.37
AMZ-101908,5028,True,114.37
AMZ-101909,5705,True,114.37
AMZ-101910,6020,True,114.37
AMZ-101911,7063,False,114.37
AMZ-101912,6446,False,114.37
AMZ-101913,8664,True,114.37
AMZ-101914,7987,True,114.37
AMZ-101915,8602,True,114.37
AMZ-101916,8685,False,114.37
AMZ-101917,8368,True,114.37
AMZ-101918,8581,True,114.37
AMZ-101919,7762,True,114.37
AMZ-101920,9037,True,114.37
AMZ-101921,5572,True,114.37
AMZ-101922,9088,True,114.37
AMZ-101923,5614,True,114.37
AMZ-101924,9050,True,114.37
AMZ-101925,5325,True,114.37
AMZ-101926,8740,True,114.37
AMZ-101927,5358,True,114.37
AMZ-101928,8777,True,114.37
AMZ-101929,7371,True,114.37
AMZ-101930,6721,True,114.37
AMZ-101931,6349,True,114.37
AMZ-101932,8696,True,114.37
AMZ-101933,8896,True,114.37
AMZ-101934,9260,True,114.37
AMZ-101935,6596,False,114.37
AMZ-101936,6627,True,114.37
AMZ-101937,7502,False,114.37
AMZ-101938,8808,True,114.37
AMZ-101939,5192,True,114.37
AMZ-101940,7674,True,114.37
AMZ-101941,8845,True,114.37
AMZ-101942,7577,True,114.37
AMZ-101943,5091,True,114.37
AMZ-101944,9234,True,114.37
AMZ-101945,5480,True,114.37
AMZ-101946,7916,True,114.37
AMZ-101947,9435,True,114.37
AMZ-101948,6075,True,114.37
AMZ-101949,7513,True,114.37
AMZ-101950,5798,True,114.37
AMZ-101951,9570,True,114.37
AMZ-101952,8949,True,114.37
AMZ-101953,5604,True,114.37
AMZ-101954,7979,False,114.37
AMZ-101955,9916,False,114.37
AMZ-101956,5597,True,114.37
AMZ-101957,6532,True,114.37
AMZ-101958,5513,True,114.37
AMZ-101959,6877,True,114.37
AMZ-101960,8972,True,114.37
AMZ-101961,8843,True,114.37
AMZ-101962,6699,False,114.37
AMZ-101963,6029,True,114.37
AMZ-101964,9595,True,114.37
AMZ-101965,5716,True,114.37
AMZ-101966,9086,True,114.37
AMZ-101967,5665,True,114.37
AMZ-101968,7208,True,114.37
AMZ-101969,6079,True,114.37
AMZ-101970,5227,True,114.37
AMZ-101971,5148,False,114.37
AMZ-101972,6069,True,114.37
AMZ-101973,9727,True,114.37
AMZ-101974,6363,True,114.37
AMZ-101975,9508,False,114.37
AMZ-101976,6755,True,114.37
AMZ-101977,5519,True,114.37
AMZ-101978,8544,False,114.37
AMZ-101979,7322,False,114.37
AMZ-101980,6102,True,114.37
AMZ-101981,5597,False,114.37
AMZ-101982,8273,True,114.37
AMZ-101983,9049,True,114.37
AMZ-101984,7605,True,114.37
AMZ-101985,7188,True,114.37
AMZ-101986,9825,True,114.37
AMZ-101987,5588,True,114.37
AMZ-101988,9472,True,114.37
AMZ-101989,6407,True,114.37
AMZ-101990,9846,True,114.37
AMZ-101991,9722,True,114.37
AMZ-101992,8390,True,114.37
AMZ-101993,8440,True,114.37
AMZ-101994,6629,True,114.37
AMZ-101995,5994,True,114.37
AMZ-101996,9798,False,114.37
AMZ-101997,7059,True,114.37
AMZ-101998,9572,True,114.37
AMZ-101999,7986,True,114.37
AMZ-102000,5400,True,114.37
AMZ-102001,7855,True,114.37
AMZ-102002,7224,False,114.37
AMZ-102003,8412,True,114.37
AMZ-102004,5056,True,114.37
AMZ-102005,6875,True,114.37
AMZ-102006,9543,True,114.37
AMZ-102007,9298,True,114.37
AMZ-102008,8768,True,114.37
AMZ-102009,9833,True,114.37
AMZ-102010,9297,True,114.37
AMZ-102011,6353,True,114.37
AMZ-102012,7410,False,114.37
AMZ-102013,9987,True,114.37
AMZ-102014,9311,True,114.37
AMZ-102015,7602,True,114.37
AMZ-102016,7934,True,114.37
AMZ-102017,5022,False,114.37
AMZ-102018,7202,True,114.37
AMZ-102019,6209,True,114.37
AMZ-102020,7296,False,114.37
AMZ-102021,5748,True,114.37
AMZ-102022,5804,False,114.37
AMZ-102023,5133,True,114.37
AMZ-102024,9416,True,114.37
AMZ-102025,7437,True,114.37
AMZ-102026,5433,True,114.37
AMZ-102027,9968,False,114.37
AMZ-102028,8671,True,114.37
AMZ-102029,8736,True,114.37
AMZ-102030,9039,True,114.37
AMZ-102031,7098,True,114.37
AMZ-102032,7917,True,114.37
AMZ-102033,5252,False,114.37
AMZ-102034,9834,True,114.37
AMZ-102035,6129,True,114.37
AMZ-102036,8264,True,114.37
AMZ-102037,5301,True,114.37
AMZ-102038,6977,True,114.37
AMZ-102039,7763,True,114.37
AMZ-102040,9005,False,114.37
AMZ-102041,8241,True,114.37
AMZ-102042,8057,True,114.37
AMZ-102043,5550,True,114.37
AMZ-102044,6587,False,114.37
AMZ-102045,6822,True,114.37
AMZ-102046,8217,True,114.37
AMZ-102047,8496,True,114.37
AMZ-102048,9409,True,114.37
AMZ-102049,9279,True,114.37
AMZ-102050,5712,True,114.37
AMZ-102051,7175,True,114.37
AMZ-102052,9072,True,114.37
AMZ-102053,8849,False,114.37
AMZ-102054,7433,False,114.37
AMZ-102055,8301,True,114.37
AMZ-102056,5270,True,114.37
AMZ-102057,6794,True,114.37
AMZ-102058,9906,True,114.37
AMZ-102059,7462,True,114.37
AMZ-102060,9293,True,114.37
AMZ-102061,8394,True,114.37
AMZ-102062,6079,False,114.37
AMZ-102063,7878,True,114.37
AMZ-102064,9723,True,114.37
AMZ-102065,5603,True,114.37
AMZ-102066,6585,True,114.37
AMZ-102067,8057,True,114.37
AMZ-102068,8985,True,114.37
AMZ-102069,9689,True,114.37
AMZ-102070,6395,True,114.37
AMZ-102071,8688,True,114.37
AMZ-102072,5599,True,114.37
AMZ-102073,5513,False,114.37
AMZ-102074,6066,False,114.37
AMZ-102075,7886,False,114.37
AMZ-102076,7653,True,114.37
AMZ-102077,9905,True,114.37
AMZ-102078,6088,False,114.37
AMZ-102079,9385,True,114.37
AMZ-102080,9864,True,114.37
AMZ-102081,7514,True,114.37
AMZ-102082,8969,True,114.37
AMZ-102083,8284,False,114.37
AMZ-102084,9566,True,114.37
AMZ-102085,7196,True,114.37
AMZ-102086,9183,True,114.37
AMZ-102087,5789,True,114.37
AMZ-102088,8475,False,114.37
AMZ-102089,8153,True,114.37
AMZ-102090,6664,True,114.37
AMZ-102091,6309,False,114.37
AMZ-102092,5864,True,114.37
AMZ-102093,8863,True,114.37
AMZ-102094,8363,True,114.37
AMZ-102095,8524,True,114.37
AMZ-102096,8786,True,114.37
AMZ-102097,5023,True,114.37
AMZ-102098,8003,True,114.37
AMZ-102099,5310,True,114.37
AMZ-102100,6231,False,114.37
AMZ-102101,8788,True,114.37
AMZ-102102,7711,True,114.37
AMZ-102103,9801,True,114.37
AMZ-102104,5421,True,114.37
AMZ-102105,6773,True,114.37
AMZ-102106,8568,False,114.37
AMZ-102107,5946,False,114.37
AMZ-102108,6186,True,114.37
AMZ-102109,6834,False,114.37
AMZ-102110,6564,True,114.37
AMZ-102111,9944,True,114.37
AMZ-102112,6947,True,114.37
AMZ-102113,6308,False,114.37
AMZ-102114,7986,True,114.37
AMZ-102115,5386,True,114.37
AMZ-102116,6161,True,114.37
AMZ-102117,8258,True,114.37
AMZ-102118,9811,True,114.37
AMZ-102119,8933,False,114.37
AMZ-102120,7847,False,114.37
AMZ-102121,9521,True,114.37
AMZ-102122,6439,False,114.37
AMZ-102123,8442,True,114.37
AMZ-102124,9480,False,114.37
AMZ-102125,5055,True,114.37
AMZ-102126,8324,True,114.37
AMZ-102127,5105,True,114.37
AMZ-102128,8201,False,114.37
AMZ-102129,5669,True,114.37
AMZ-102130,9471,True,114.37
AMZ-102131,5742,True,114.37
AMZ-102132,5966,True,114.37
AMZ-102133,5307,True,114.37
AMZ-102134,7138,True,114.37
AMZ-102135,8464,False,114.37
AMZ-102136,9897,True,114.37
AMZ-102137,5109,True,114.37
AMZ-102138,8632,True,114.37
AMZ-102139,9435,False,114.37
AMZ-102140,6915,False,114.37
AMZ-102141,9263,True,114.37
AMZ-102142,5556,True,114.37
AMZ-102143,5104,True,114.37
AMZ-102144,7047,True,114.37
AMZ-102145,5145,False,114.37
AMZ-102146,7763,True,114.37
AMZ-102147,5873,True,114.37
AMZ-102148,5298,True,114.37
AMZ-102149,8238,False,114.37
AMZ-102150,5645,True,114.37
AMZ-102151,9733,True,114.37
AMZ-102152,8078,True,114.37
AMZ-102153,7511,False,114.37
AMZ-102154,5783,True,114.37
AMZ-102155,9992,True,114.37
AMZ-102156,5370,True,114.37
AMZ-102157,5486,True,114.37
AMZ-102158,7037,True,114.37
AMZ-102159,8196,True,114.37
AMZ-102160,6360,True,114.37
AMZ-102161,9287,True,114.37
AMZ-102162,9825,True,114.37
AMZ-102163,7261,False,114.37
AMZ-102164,7621,True,114.37
AMZ-102165,5956,False,114.37
AMZ-102166,5380,True,114.37
AMZ-102167,8649,True,114.37
AMZ-102168,9893,True,114.37
AMZ-102169,5238,True,114.37
AMZ-102170,6105,True,114.37
AMZ-102171,6386,True,114.37
AMZ-102172,7552,True,114.37
AMZ-102173,7249,False,114.37
AMZ-102174,6527,True,114.37
AMZ-102175,6667,False,114.37
AMZ-102176,9132,True,114.37
AMZ-102177,7691,True,114.37
AMZ-102178,8672,True,114.37
AMZ-102179,6996,True,114.37
AMZ-102180,6425,True,114.37
AMZ-102181,7812,True,114.37
AMZ-102182,8247,True,114.37
AMZ-102183,7592,True,114.37
AMZ-102184,6490,True,114.37
AMZ-102185,6224,False,114.37
AMZ-102186,7587,False,114.37
AMZ-102187,8064,True,114.37
AMZ-102188,5832,True,114.37
AMZ-102189,9692,True,114.37
AMZ-102190,7440,True,114.37
AMZ-102191,9795,False,114.37
AMZ-102192,6646,True,114.37
AMZ-102193,5440,True,114.37
AMZ-102194,6529,True,114.37
AMZ-102195,7965,True,114.37
AMZ-102196,7367,True,114.37
AMZ-102197,8286,False,114.37
AMZ-102198,9663,True,114.37
AMZ-102199,9331,True,114.37
AMZ-102200,6304,False,114.37
AMZ-102201,8034,True,114.37
AMZ-102202,8688,True,114.37
AMZ-102203,8973,True,114.37
AMZ-102204,6185,True,114.37
AMZ-102205,8262,False,114.37
AMZ-102206,7107,True,114.37
AMZ-102207,6840,False,114.37
AMZ-102208,9320,True,114.37
AMZ-102209,7747,False,114.37
AMZ-102210,9677,True,114.37
AMZ-102211,9264,False,114.37
AMZ-102212,8133,True,114.37
AMZ-102213,8420,False,114.37
AMZ-102214,6465,True,114.37
AMZ-102215,9109,True,114.37
AMZ-102216,7211,False,114.37
AMZ-102217,7804,True,114.37
AMZ-102218,6543,False,114.37
AMZ-102219,6689,True,114.37
AMZ-102220,6571,True,114.37
AMZ-102221,9541,True,114.37
AMZ-102222,8279,True,114.37
AMZ-102223,8541,True,114.37
AMZ-102224,9811,True,114.37
AMZ-102225,8023,True,114.37
AMZ-102226,5818,True,114.37
AMZ-102227,9521,True,114.37
AMZ-102228,6124,True,114.37
AMZ-102229,9945,True,114.37
AMZ-102230,6129,True,114.37
AMZ-102231,6702,True,114.37
AMZ-102232,7001,False,114.37
AMZ-102233,8878,False,114.37
AMZ-102234,9372,True,114.37
AMZ-102235,6806,True,114.37
AMZ-102236,7947,False,114.37
AMZ-102237,8209,True,114.37
AMZ-102238,7152,True,114.37
AMZ-102239,9641,True,114.37
AMZ-102240,9205,True,114.37
AMZ-102241,5544,True,114.37
AMZ-102242,7401,True,114.37
AMZ-102243,9838,False,114.37
AMZ-102244,7364,False,114.37
AMZ-102245,6289,True,114.37
AMZ-102246,8765,True,114.37
AMZ-102247,6875,False,114.37
AMZ-102248,9428,True,114.37
AMZ-102249,9687,True,114.37
AMZ-102250,5782,True,114.37
AMZ-102251,5539,False,114.37
AMZ-102252,7782,True,114.37
AMZ-102253,7668,False,114.37
AMZ-102254,9714,False,114.37
AMZ-102255,8937,True,114.37
AMZ-102256,7956,True,114.37
AMZ-102257,8722,True,114.37
AMZ-102258,8867,True,114.37
AMZ-102259,6833,True,114.37
AMZ-102260,7146,True,114.37
AMZ-102261,7170,True,114.37
AMZ-102262,8391,False,114.37
AMZ-102263,6616,True,114.37
AMZ-102264,9617,True,114.37
AMZ-102265,5916,True,114.37
AMZ-102266,9812,True,114.37
AMZ-102267,7756,True,114.37
AMZ-102268,6936,True,114.37
AMZ-102269,9042,True,114.37
AMZ-102270,8091,True,114.37
AMZ-102271,9655,True,114.37
AMZ-102272,5968,True,114.37
AMZ-102273,8364,True,114.37
AMZ-102274,8203,False,114.37
AMZ-102275,5889,True,114.37
AMZ-102276,5792,True,114.37
AMZ-102277,8458,True,114.37
AMZ-102278,5981,True,114.37
AMZ-102279,8531,True,114.37
AMZ-102280,8529,True,114.37
AMZ-102281,5801,True,114.37
AMZ-102282,5042,True,114.37
AMZ-102283,8349,True,114.37
AMZ-102284,6777,True,114.37
AMZ-102285,8201,True,114.37
AMZ-102286,5349,False,114.37
AMZ-102287,6567,True,114.37
AMZ-102288,6129,True,114.37
AMZ-102289,7959,True,114.37
AMZ-102290,8787,True,114.37
AMZ-102291,6780,True,114.37
AMZ-102292,5583,True,114.37
AMZ-102293,9527,True,114.37
AMZ-102294,8377,True,114.37
AMZ-102295,8401,True,114.37
AMZ-102296,8185,True,114.37
AMZ-102297,7194,True,114.37
AMZ-102298,6162,True,114.37
AMZ-102299,5298,True,114.37
AMZ-102300,8347,False,114.37
AMZ-102301,6939,True,114.37
AMZ-102302,5788,True,114.37
AMZ-102303,9945,True,114.37
AMZ-102304,7889,False,114.37
AMZ-102305,6377,True,114.37
AMZ-102306,6949,True,114.37
AMZ-102307,8272,True,114.37
AMZ-102308,5877,True,114.37
AMZ-102309,8742,True,114.37
AMZ-102310,6577,True,114.37
AMZ-102311,8139,False,114.37
AMZ-102312,7492,True,114.37
AMZ-102313,7755,True,114.37
AMZ-102314,6903,False,114.37
AMZ-102315,6382,True,114.37
AMZ-102316,9240,True,114.37
AMZ-102317,7322,True,114.37
AMZ-102318,7556,True,114.37
AMZ-102319,6861,True,114.37
AMZ-102320,6866,False,114.37
AMZ-102321,9047,True,114.37
AMZ-102322,8175,True,114.37
AMZ-102323,6098,True,114.37
AMZ-102324,6734,False,114.37
AMZ-102325,9663,False,114.37
AMZ-102326,8416,False,114.37
AMZ-102327,9626,True,114.37
AMZ-102328,5680,True,114.37
AMZ-102329,7070,True,114.37
AMZ-102330,9824,True,114.37
AMZ-102331,6729,True,114.37
AMZ-102332,7191,True,114.37
AMZ-102333,5667,True,114.37
AMZ-102334,6612,True,114.37
AMZ-102335,5680,True,114.37
AMZ-102336,5972,True,114.37
AMZ-102337,7846,True,114.37
AMZ-102338,7132,True,114.37
AMZ-102339,7463,True,114.37
AMZ-102340,7529,True,114.37
AMZ-102341,7503,True,114.37
AMZ-102342,9922,True,114.37
AMZ-102343,9392,True,114.37
AMZ-102344,8183,False,114.37
AMZ-102345,9033,True,114.37
AMZ-102346,8167,True,114.37
AMZ-102347,7997,True,114.37
AMZ-102348,8227,True,114.37
AMZ-102349,7152,True,114.37
AMZ-102350,6728,True,114.37
AMZ-102351,7024,False,114.37
AMZ-102352,5329,True,114.37
AMZ-102353,7486,False,114.37
AMZ-102354,6155,True,114.37
AMZ-102355,6890,True,114.37
AMZ-102356,9477,False,114.37
AMZ-102357,7185,True,114.37
AMZ-102358,9938,True,114.37
AMZ-102359,7317,True,114.37
AMZ-102360,8621,True,114.37
AMZ-102361,9491,True,114.37
AMZ-102362,7511,True,114.37
AMZ-102363,5449,True,114.37
AMZ-102364,6354,True,114.37
AMZ-102365,6293,True,114.37
AMZ-102366,7465,True,114.37
AMZ-102367,8102,True,114.37
AMZ-102368,6849,True,114.37
AMZ-102369,8175,True,114.37
AMZ-102370,9281,True,114.37
AMZ-102371,8199,False,114.37
AMZ-102372,6233,True,114.37
AMZ-102373,6437,True,114.37
AMZ-102374,8352,True,114.37
AMZ-102375,9030,True,114.37
AMZ-102376,5252,True,114.37
AMZ-102377,5018,True,114.37
AMZ-102378,7759,True,114.37
AMZ-102379,5222,True,114.37
AMZ-102380,5002,False,114.37
AMZ-102381,6259,False,114.37
AMZ-102382,9949,False,114.37
AMZ-102383,9323,True,114.37
AMZ-102384,9594,True,114.37
AMZ-102385,7568,True,114.37
AMZ-102386,6885,True,114.37
AMZ-102387,6299,True,114.37
AMZ-102388,7338,True,114.37
AMZ-102389,6076,True,114.37
AMZ-102390,8758,True,114.37
AMZ-102391,8181,True,114.37
AMZ-102392,9810,True,114.37
AMZ-102393,5947,True,114.37
AMZ-102394,8738,False,114.37
AMZ-102395,7731,True,114.37
AMZ-102396,9007,True,114.37
AMZ-102397,5869,True,114.37
AMZ-102398,5093,True,114.37
AMZ-102399,7987,True,114.37
AMZ-102400,9655,True,114.37
AMZ-102401,6775,True,114.37
AMZ-102402,7260,True,114.37
AMZ-102403,5435,True,114.37
AMZ-102404,9947,True,114.37
AMZ-102405,9300,True,114.37
AMZ-102406,8144,True,114.37
AMZ-102407,8587,True,114.37
AMZ-102408,5076,False,114.37
AMZ-102409,5815,True,114.37
AMZ-102410,5767,True,114.37
AMZ-102411,8685,True,114.37
AMZ-102412,5105,True,114.37
AMZ-102413,8916,True,114.37
AMZ-102414,7873,True,114.37
AMZ-102415,8346,False,114.37
AMZ-102416,8148,True,114.37
AMZ-102417,8148,True,114.37
AMZ-102418,6465,True,114.37
AMZ-102419,7587,True,114.37
AMZ-102420,5244,True,114.37
AMZ-102421,7625,True,114.37
AMZ-102422,8849,True,114.37
AMZ-102423,6405,True,114.37
AMZ-102424,5981,True,114.37
AMZ-102425,8808,False,114.37
AMZ-102426,5141,True,114.37
AMZ-102427,5892,False,114.37
AMZ-102428,7399,True,114.37
AMZ-102429,9640,False,114.37
AMZ-102430,7960,True,114.37
AMZ-102431,7199,False,114.37
AMZ-102432,6469,False,114.37
AMZ-102433,7700,True,114.37
AMZ-102434,8005,False,114.37
AMZ-102435,9858,True,114.37
AMZ-102436,8374,True,114.37
AMZ-102437,9719,True,114.37
AMZ-102438,5655,True,114.37
AMZ-102439,7768,True,114.37
AMZ-102440,5042,True,114.37
AMZ-102441,7311,True,114.37
AMZ-102442,6660,True,114.37
AMZ-102443,9691,False,114.37
AMZ-102444,7224,True,114.37
AMZ-102445,7110,True,114.37
AMZ-102446,5957,True,114.37
AMZ-102447,5560,True,114.37
AMZ-102448,6330,True,114.37
AMZ-102449,6312,True,114.37
AMZ-102450,6821,True,114.37
AMZ-102451,8002,False,114.37
AMZ-102452,8403,True,114.37
AMZ-102453,9945,True,114.37
AMZ-102454,7651,True,114.37
AMZ-102455,6814,True,114.37
AMZ-102456,6741,True,114.37
AMZ-102457,9701,True,114.37
AMZ-102458,8808,True,114.37
AMZ-102459,7877,True,114.37
AMZ-102460,8270,False,114.37
AMZ-102461,9083,False,114.37
AMZ-102462,5745,True,114.37
AMZ-102463,5557,True,114.37
AMZ-102464,8301,True,114.37
AMZ-102465,5941,True,114.37
AMZ-102466,9023,True,114.37
AMZ-102467,7296,True,114.37
AMZ-102468,5939,True,114.37
AMZ-102469,6610,True,114.37
AMZ-102470,6725,True,114.37
AMZ-102471,5984,False,114.37
AMZ-102472,6587,False,114.37
AMZ-102473,9021,True,114.37
AMZ-102474,6336,True,114.37
AMZ-102475,8137,False,114.37
AMZ-102476,5661,True,114.37
AMZ-102477,5032,True,114.37
AMZ-102478,8414,True,114.37
AMZ-102479,6156,True,114.37
AMZ-102480,8126,True,114.37
AMZ-102481,5060,False,114.37
AMZ-102482,8928,False,114.37
AMZ-102483,6543,True,114.37
AMZ-102484,5271,True,114.37
AMZ-102485,9076,False,114.37
AMZ-102486,8388,True,114.37
AMZ-102487,7752,False,114.37
AMZ-102488,7709,True,114.37
AMZ-102489,6154,True,114.37
AMZ-102490,9405,True,114.37
AMZ-102491,8853,True,114.37
AMZ-102492,6745,True,114.37
AMZ-102493,8432,True,114.37
AMZ-102494,5337,True,114.37
AMZ-102495,5009,True,114.37
AMZ-102496,9144,True,114.37
AMZ-102497,5730,False,114.37
AMZ-102498,9890,False,114.37
AMZ-102499,6648,True,114.37
AMZ-102500,9228,False,114.37
AMZ-102501,8654,True,114.37
AMZ-102502,7130,True,114.37
AMZ-102503,9471,False,114.37
AMZ-102504,7396,True,114.37
AMZ-102505,9366,True,114.37
AMZ-102506,6506,False,114.37
AMZ-102507,7158,True,114.37
AMZ-102508,7916,False,114.37
AMZ-102509,9171,False,114.37
AMZ-102510,8229,True,114.37
AMZ-102511,8603,False,114.37
AMZ-102512,6666,True,114.37
AMZ-102513,9424,True,114.37
AMZ-102514,9136,True,114.37
AMZ-102515,7969,False,114.37
AMZ-102516,7689,True,114.37
AMZ-102517,7326,True,114.37
AMZ-102518,7810,True,114.37
AMZ-102519,7516,True,114.37
AMZ-102520,8471,True,114.37
AMZ-102521,5012,True,114.37
AMZ-102522,7970,True,114.37
AMZ-102523,8621,True,114.37
AMZ-102524,8683,False,114.37
AMZ-102525,8473,True,114.37
AMZ-102526,8122,True,114.37
AMZ-102527,8464,False,114.37
AMZ-102528,5652,True,114.37
AMZ-102529,5620,False,114.37
AMZ-102530,8790,True,114.37
AMZ-102531,6645,False,114.37
AMZ-102532,7243,True,114.37
AMZ-102533,9512,True,114.37
AMZ-102534,9759,True,114.37
AMZ-102535,8491,False,114.37
AMZ-102536,8711,True,114.37
AMZ-102537,8688,True,114.37
AMZ-102538,6379,True,114.37
AMZ-102539,9243,True,114.37
AMZ-102540,7045,True,114.37
AMZ-102541,8048,True,114.37
AMZ-102542,6388,False,114.37
AMZ-102543,5401,True,114.37
AMZ-102544,7653,True,114.37
AMZ-102545,9324,True,114.37
AMZ-102546,8923,True,114.37
AMZ-102547,5267,True,114.37
AMZ-102548,9221,True,114.37
AMZ-102549,6725,True,114.37
AMZ-102550,6112,True,114.37
AMZ-102551,7675,True,114.37
AMZ-102552,9784,False,114.37
AMZ-102553,6280,False,114.37
AMZ-102554,6232,True,114.37
AMZ-102555,9376,False,114.37
AMZ-102556,9538,True,114.37
AMZ-102557,6863,True,114.37
AMZ-102558,9932,True,114.37
AMZ-102559,9484,True,114.37
AMZ-102560,5616,True,114.37
AMZ-102561,5146,True,114.37
AMZ-102562,9616,True,114.37
AMZ-102563,9725,True,114.37
AMZ-102564,8677,True,114.37
AMZ-102565,5288,True,114.37
AMZ-102566,6409,True,114.37
AMZ-102567,5013,True,114.37
AMZ-102568,5256,False,114.37
AMZ-102569,6721,False,114.37
AMZ-102570,6423,True,114.37
AMZ-102571,9953,False,114.37
AMZ-102572,7990,True,114.37
AMZ-102573,6195,True,114.37
AMZ-102574,9559,True,114.37
AMZ-102575,9365,True,114.37
AMZ-102576,6244,False,114.37
AMZ-102577,8223,True,114.37
AMZ-102578,8470,True,114.37
AMZ-102579,9167,True,114.37
AMZ-102580,8969,True,114.37
AMZ-102581,6306,False,114.37
AMZ-102582,7121,True,114.37
AMZ-102583,7402,True,114.37
AMZ-102584,5496,True,114.37
AMZ-102585,8399,True,114.37
AMZ-102586,8606,True,114.37
AMZ-102587,5909,True,114.37
AMZ-102588,5372,True,114.37
AMZ-102589,9457,True,114.37
AMZ-102590,6344,False,114.37
AMZ-102591,5323,False,114.37
AMZ-102592,7431,True,114.37
AMZ-102593,9670,True,114.37
AMZ-102594,9831,True,114.37
AMZ-102595,7784,True,114.37
AMZ-102596,7393,True,114.37
AMZ-102597,8920,True,114.37
AMZ-102598,6215,True,114.37
AMZ-102599,6695,True,114.37
AMZ-102600,6907,True,114.37
AMZ-102601,9814,True,114.37
AMZ-102602,5780,True,114.37
AMZ-102603,6019,True,114.37
AMZ-102604,8265,True,114.37
AMZ-102605,6403,True,114.37
AMZ-102606,6426,True,114.37
AMZ-102607,5663,True,114.37
AMZ-102608,7647,True,114.37
AMZ-102609,5010,True,114.37
AMZ-102610,6038,False,114.37
AMZ-102611,7825,True,114.37
AMZ-102612,8003,True,114.37
AMZ-102613,9680,True,114.37
AMZ-102614,6075,True,114.37
AMZ-102615,8088,True,114.37
AMZ-102616,6789,True,114.37
AMZ-102617,8036,True,114.37
AMZ-102618,9838,False,114.37
AMZ-102619,8653,True,114.37
AMZ-102620,8175,True,114.37
AMZ-102621,9299,False,114.37
AMZ-102622,6076,True,114.37
AMZ-102623,5973,False,114.37
AMZ-102624,6865,True,114.37
AMZ-102625,8125,False,114.37
AMZ-102626,6299,True,114.37
AMZ-102627,8406,True,114.37
AMZ-102628,6158,True,114.37
AMZ-102629,8129,True,114.37
AMZ-102630,5104,True,114.37
AMZ-102631,8567,True,114.37
AMZ-102632,9348,True,114.37
AMZ-102633,9390,True,114.37
AMZ-102634,6181,True,114.37
AMZ-102635,9644,True,114.37
AMZ-102636,8138,False,114.37
AMZ-102637,9394,True,114.37
AMZ-102638,8534,False,114.37
AMZ-102639,9196,True,114.37
AMZ-102640,8127,True,114.37
AMZ-102641,6774,True,114.37
AMZ-102642,8814,True,114.37
AMZ-102643,9969,True,114.37
AMZ-102644,5091,True,114.37
AMZ-102645,5446,True,114.37
AMZ-102646,5108,False,114.37
AMZ-102647,9412,True,114.37
AMZ-102648,8239,True,114.37
AMZ-102649,9053,True,114.37
AMZ-102650,9537,True,114.37
AMZ-102651,6245,True,114.37
AMZ-102652,7720,True,114.37
AMZ-102653,5277,True,114.37
AMZ-102654,8056,True,114.37
AMZ-102655,9664,True,114.37
AMZ-102656,7922,False,114.37
AMZ-102657,7513,False,114.37
AMZ-102658,5838,True,114.37
AMZ-102659,7801,True,114.37
AMZ-102660,5029,True,114.37
AMZ-102661,6257,False,114.37
AMZ-102662,5364,True,114.37
AMZ-102663,6800,True,114.37
AMZ-102664,5904,True,114.37
AMZ-102665,9793,True,114.37
AMZ-102666,7178,True,114.37
AMZ-102667,7850,True,114.37
AMZ-102668,7836,True,114.37
AMZ-102669,9446,True,114.37
AMZ-102670,5179,True,114.37
AMZ-102671,8873,True,114.37
AMZ-102672,8960,True,114.37
AMZ-102673,6186,True,114.37
AMZ-102674,8959,False,114.37
AMZ-102675,5773,True,114.37
AMZ-102676,9605,True,114.37
AMZ-102677,9460,True,114.37
AMZ-102678,5352,True,114.37
AMZ-102679,9507,True,114.37
AMZ-102680,9830,True,114.37
AMZ-102681,8028,False,114.37
AMZ-102682,5117,True,114.37
AMZ-102683,5481,True,114.37
AMZ-102684,9287,True,114.37
AMZ-102685,7637,True,114.37
AMZ-102686,5106,True,114.37
AMZ-102687,9477,True,114.37
AMZ-102688,9878,True,114.37
AMZ-102689,5243,True,114.37
AMZ-102690,7632,True,114.37
AMZ-102691,9563,True,114.37
AMZ-102692,5865,True,114.37
AMZ-102693,7981,True,114.37
AMZ-102694,6561,False,114.37
AMZ-102695,5603,True,114.37
AMZ-102696,8062,True,114.37
AMZ-102697,9018,True,114.37
AMZ-102698,7015,True,114.37
AMZ-102699,6658,True,114.37
AMZ-102700,8380,True,114.37
AMZ-102701,8767,False,114.37
AMZ-102702,8770,True,114.37
AMZ-102703,6613,True,114.37
AMZ-102704,9955,True,114.37
AMZ-102705,6879,False,114.37
AMZ-102706,9108,True,114.37
AMZ-102707,7346,True,114.37
AMZ-102708,6099,True,114.37
AMZ-102709,6074,True,114.37
AMZ-102710,5786,True,114.37
AMZ-102711,5148,True,114.37
AMZ-102712,6754,True,114.37
AMZ-102713,7169,True,114.37
AMZ-102714,8756,True,114.37
AMZ-102715,6179,True,114.37
AMZ-102716,8309,True,114.37
AMZ-102717,7423,False,114.37
AMZ-102718,9177,False,114.37
AMZ-102719,9587,True,114.37
AMZ-102720,5924,False,114.37
AMZ-102721,6603,True,114.37
AMZ-102722,8052,True,114.37
AMZ-102723,9218,True,114.37
AMZ-102724,9803,True,114.37
AMZ-102725,7377,True,114.37
AMZ-102726,8480,True,114.37
AMZ-102727,8182,True,114.37
AMZ-102728,7817,True,114.37
AMZ-102729,8160,True,114.37
AMZ-102730,9805,True,114.37
AMZ-102731,9889,True,114.37
AMZ-102732,5711,True,114.37
AMZ-102733,7586,False,114.37
AMZ-102734,7648,False,114.37
AMZ-102735,6717,True,114.37
AMZ-102736,9352,False,114.37
AMZ-102737,5870,True,114.37
AMZ-102738,8574,False,114.37
AMZ-102739,9904,True,114.37
AMZ-102740,5270,True,114.37
AMZ-102741,6543,True,114.37
AMZ-102742,5549,True,114.37
AMZ-102743,9663,True,114.37
AMZ-102744,9014,True,114.37
AMZ-102745,9454,True,114.37
AMZ-102746,6712,True,114.37
AMZ-102747,8240,True,114.37
AMZ-102748,6362,False,114.37
AMZ-102749,9893,True,114.37
AMZ-102750,6284,True,114.37
AMZ-102751,5886,True,114.37
AMZ-102752,7258,True,114.37
AMZ-102753,9382,True,114.37
AMZ-102754,6785,False,114.37
AMZ-102755,9838,True,114.37
AMZ-102756,8543,True,114.37
AMZ-102757,5295,False,114.37
AMZ-102758,7053,True,114.37
AMZ-102759,7597,True,114.37
AMZ-102760,5680,True,114.37
AMZ-102761,9890,True,114.37
AMZ-102762,9298,True,114.37
AMZ-102763,5324,True,114.37
AMZ-102764,7291,True,114.37
AMZ-102765,9422,False,114.37
AMZ-102766,5986,True,114.37
AMZ-102767,8118,True,114.37
AMZ-102768,5760,True,114.37
AMZ-102769,8693,True,114.37
AMZ-102770,6036,True,114.37
AMZ-102771,5906,True,114.37
AMZ-102772,5364,False,114.37
AMZ-102773,8413,True,114.37
AMZ-102774,6069,True,114.37
AMZ-102775,9369,True,114.37
AMZ-102776,7255,True,114.37
AMZ-102777,8686,True,114.37
AMZ-102778,9219,True,114.37
AMZ-102779,8081,True,114.37
AMZ-102780,8258,True,114.37
AMZ-102781,7107,False,114.37
AMZ-102782,7933,False,114.37
AMZ-102783,7829,True,114.37
AMZ-102784,5441,False,114.37
AMZ-102785,6559,True,114.37
AMZ-102786,6741,False,114.37
AMZ-102787,5625,True,114.37
AMZ-102788,8863,False,114.37
AMZ-102789,6690,False,114.37
AMZ-102790,7781,True,114.37
AMZ-102791,5090,False,114.37
AMZ-102792,8006,True,114.37
AMZ-102793,9302,True,114.37
AMZ-102794,6088,True,114.37
AMZ-102795,9611,True,114.37
AMZ-102796,6180,True,114.37
AMZ-102797,6901,True,114.37
AMZ-102798,9490,False,114.37
AMZ-102799,5186,True,114.37
AMZ-102800,6597,True,114.37
AMZ-102801,8408,False,114.37
AMZ-102802,8747,False,114.37
AMZ-102803,7670,False,114.37
AMZ-102804,9825,True,114.37
AMZ-102805,5239,False,114.37
AMZ-102806,7580,True,114.37
AMZ-102807,9236,True,114.37
AMZ-102808,5138,True,114.37
AMZ-102809,7506,True,114.37
AMZ-102810,9165,True,114.37
AMZ-102811,9480,True,114.37
AMZ-102812,9725,True,114.37
AMZ-102813,7245,True,114.37
AMZ-102814,9300,True,114.37
AMZ-102815,6749,True,114.37
AMZ-102816,5567,True,114.37
AMZ-102817,9900,True,114.37
AMZ-102818,5881,True,114.37
AMZ-102819,5639,True,114.37
AMZ-102820,8961,False,114.37
AMZ-102821,9420,True,114.37
AMZ-102822,9537,True,114.37
AMZ-102823,9899,True,114.37
AMZ-102824,7335,True,114.37
AMZ-102825,9321,False,114.37
AMZ-102826,7985,True,114.37
AMZ-102827,5559,True,114.37
AMZ-102828,5713,True,114.37
AMZ-102829,9593,True,114.37
AMZ-102830,8988,True,114.37
AMZ-102831,5256,True,114.37
AMZ-102832,5576,True,114.37
AMZ-102833,5037,True,114.37
AMZ-102834,7072,True,114.37
AMZ-102835,9505,False,114.37
AMZ-102836,5460,False,114.37
AMZ-102837,6440,True,114.37
AMZ-102838,9478,True,114.37
AMZ-102839,6832,True,114.37
AMZ-102840,9664,True,114.37
AMZ-102841,8399,True,114.37
AMZ-102842,5432,False,114.37
AMZ-102843,9151,False,114.37
AMZ-102844,6751,True,114.37
AMZ-102845,7047,True,114.37
AMZ-102846,9997,True,114.37
AMZ-102847,7840,True,114.37
AMZ-102848,5256,True,114.37
AMZ-102849,5671,True,114.37
AMZ-102850,5489,True,114.37
AMZ-102851,8714,True,114.37
AMZ-102852,7096,True,114.37
AMZ-102853,6682,False,114.37
AMZ-102854,9411,True,114.37
AMZ-102855,7460,True,114.37
AMZ-102856,9529,True,114.37
AMZ-102857,8912,True,114.37
AMZ-102858,6975,True,114.37
AMZ-102859,8216,True,114.37
AMZ-102860,6389,False,114.37
AMZ-102861,9515,True,114.37
AMZ-102862,8856,False,114.37
AMZ-102863,6584,True,114.37
AMZ-102864,9939,True,114.37
AMZ-102865,7963,True,114.37
AMZ-102866,9529,True,114.37
AMZ-102867,5976,True,114.37
AMZ-102868,8364,True,114.37
AMZ-102869,5045,True,114.37
AMZ-102870,6193,False,114.37
AMZ-102871,8342,False,114.37
AMZ-102872,9512,False,114.37
AMZ-102873,9943,True,114.37
AMZ-102874,5246,True,114.37
AMZ-102875,8219,True,114.37
AMZ-102876,9325,True,114.37
AMZ-102877,5791,True,114.37
AMZ-102878,5636,True,114.37
AMZ-102879,8775,True,114.37
AMZ-102880,7421,True,114.37
AMZ-102881,9833,False,114.37
AMZ-102882,6088,True,114.37
AMZ-102883,9183,True,114.37
AMZ-102884,8159,True,114.37
AMZ-102885,5712,False,114.37
AMZ-102886,9696,True,114.37
AMZ-102887,8644,True,114.37
AMZ-102888,8890,False,114.37
AMZ-102889,7586,False,114.37
AMZ-102890,9309,True,114.37
AMZ-102891,7108,True,114.37
AMZ-102892,9793,True,114.37
AMZ-102893,8614,True,114.37
AMZ-102894,6242,True,114.37
AMZ-102895,7059,False,114.37
AMZ-102896,8486,True,114.37
AMZ-102897,9332,True,114.37
AMZ-102898,8810,True,114.37
AMZ-102899,8900,True,114.37
AMZ-102900,7605,True,114.37
AMZ-102901,9742,True,114.37
AMZ-102902,8034,True,114.37
AMZ-102903,9568,True,114.37
AMZ-102904,9207,True,114.37
AMZ-102905,9051,True,114.37
AMZ-102906,8363,False,114.37
AMZ-102907,9021,True,114.37
AMZ-102908,6845,True,114.37
AMZ-102909,5382,True,114.37
AMZ-102910,9112,True,114.37
AMZ-102911,9588,True,114.37
AMZ-102912,8810,True,114.37
AMZ-102913,6896,False,114.37
AMZ-102914,6509,True,114.37
AMZ-102915,9212,True,114.37
AMZ-102916,6578,True,114.37
AMZ-102917,5879,False,114.37
AMZ-102918,7162,True,114.37
AMZ-102919,6572,True,114.37
AMZ-102920,6648,True,114.37
AMZ-102921,9739,True,114.37
AMZ-102922,6359,False,114.37
AMZ-102923,9431,True,114.37
AMZ-102924,7969,True,114.37
AMZ-102925,8960,False,114.37
AMZ-102926,8811,False,114.37
AMZ-102927,9242,False,114.37
AMZ-102928,9217,True,114.37
AMZ-102929,5080,True,114.37
AMZ-102930,7732,True,114.37
AMZ-102931,7709,True,114.37
AMZ-102932,7422,True,114.37
AMZ-102933,8641,True,114.37
AMZ-102934,9599,True,114.37
AMZ-102935,5667,True,114.37
AMZ-102936,7496,True,114.37
AMZ-102937,8499,True,114.37
AMZ-102938,8498,False,114.37
AMZ-102939,6444,True,114.37
AMZ-102940,6345,True,114.37
AMZ-102941,6189,True,114.37
AMZ-102942,5458,True,114.37
AMZ-102943,6212,True,114.37
AMZ-102944,9559,True,114.37
AMZ-102945,5911,True,114.37
AMZ-102946,6025,True,114.37
AMZ-102947,7411,True,114.37
AMZ-102948,5071,True,114.37
AMZ-102949,7685,False,114.37
AMZ-102950,6193,False,114.37
AMZ-102951,6848,True,114.37
AMZ-102952,7384,True,114.37
AMZ-102953,7022,True,114.37
AMZ-102954,8741,False,114.37
AMZ-102955,9748,True,114.37
AMZ-102956,6298,True,114.37
AMZ-102957,9102,False,114.37
AMZ-102958,5904,True,114.37
AMZ-102959,8026,False,114.37
AMZ-102960,7028,True,114.37
AMZ-102961,9711,True,114.37
AMZ-102962,7620,True,114.37
AMZ-102963,7646,False,114.37
AMZ-102964,9865,False,114.37
AMZ-102965,7289,True,114.37
AMZ-102966,8872,True,114.37
AMZ-102967,6485,True,114.37
AMZ-102968,8151,False,114.37
AMZ-102969,6440,True,114.37
AMZ-102970,5765,True,114.37
AMZ-102971,9479,True,114.37
AMZ-102972,7438,True,114.37
AMZ-102973,9092,True,114.37
AMZ-102974,9783,True,114.37
AMZ-102975,6149,True,114.37
AMZ-102976,8565,False,114.37
AMZ-102977,9142,True,114.37
AMZ-102978,6972,True,114.37
AMZ-102979,7666,False,114.37
AMZ-102980,5463,True,114.37
AMZ-102981,9218,True,114.37
AMZ-102982,7181,True,114.37
AMZ-102983,6642,False,114.37
AMZ-102984,8888,True,114.37
AMZ-102985,5840,False,114.37
AMZ-102986,7654,True,114.37
AMZ-102987,9118,True,114.37
AMZ-102988,5565,True,114.37
AMZ-102989,5964,False,114.37
AMZ-102990,7282,True,114.37
AMZ-102991,5995,False,114.37
AMZ-102992,6187,True,114.37
AMZ-102993,9921,True,114.37
AMZ-102994,9311,True,114.37
AMZ-102995,8254,False,114.37
AMZ-102996,5656,True,114.37
AMZ-102997,7982,True,114.37
AMZ-102998,6113,True,114.37
AMZ-102999,9406,False,114.37
AMZ-103000,5556,True,114.37
AMZ-103001,8019,True,114.37
AMZ-103002,7304,True,114.37
AMZ-103003,7580,True,114.37
AMZ-103004,5051,True,114.37
AMZ-103005,6361,False,114.37
AMZ-103006,6194,False,114.37
AMZ-103007,9019,True,114.37
AMZ-103008,8138,True,114.37
AMZ-103009,6648,True,114.37
AMZ-103010,5671,True,114.37
AMZ-103011,5777,True,114.37
AMZ-103012,9927,True,114.37
AMZ-103013,7279,True,114.37
AMZ-103014,8022,True,114.37
AMZ-103015,6860,True,114.37
AMZ-103016,8139,True,114.37
AMZ-103017,6074,True,114.37
AMZ-103018,6716,True,114.37
AMZ-103019,6283,True,114.37
AMZ-103020,9686,True,114.37
AMZ-103021,6986,True,114.37
AMZ-103022,7633,True,114.37
AMZ-103023,6001,True,114.37
AMZ-103024,6046,True,114.37
AMZ-103025,7176,True,114.37
AMZ-103026,7338,False,114.37
AMZ-103027,6855,True,114.37
AMZ-103028,5500,True,114.37
AMZ-103029,7233,True,114.37
AMZ-103030,9574,True,114.37
AMZ-103031,7539,True,114.37
AMZ-103032,9608,True,114.37
AMZ-103033,8714,True,114.37
AMZ-103034,7332,True,114.37
AMZ-103035,5600,True,114.37
AMZ-103036,9284,True,114.37
AMZ-103037,5988,False,114.37
AMZ-103038,6881,True,114.37
AMZ-103039,9483,True,114.37
AMZ-103040,6754,True,114.37
AMZ-103041,7464,False,114.37
AMZ-103042,7223,True,114.37
AMZ-103043,9482,True,114.37
AMZ-103044,6494,True,114.37
AMZ-103045,5852,True,114.37
AMZ-103046,5451,True,114.37
AMZ-103047,7324,True,114.37
AMZ-103048,6758,True,114.37
AMZ-103049,9308,True,114.37
AMZ-103050,8353,True,114.37
AMZ-103051,9136,True,114.37
AMZ-103052,9695,True,114.37
AMZ-103053,8338,True,114.37
AMZ-103054,7588,True,114.37
AMZ-103055,6782,False,114.37
AMZ-103056,8520,True,114.37
AMZ-103057,6779,True,114.37
AMZ-103058,8132,True,114.37
AMZ-103059,8573,False,114.37
AMZ-103060,8218,True,114.37
AMZ-103061,8757,True,114.37
AMZ-103062,9016,True,114.37
AMZ-103063,7837,True,114.37
AMZ-103064,7381,True,114.37
AMZ-103065,9239,True,114.37
AMZ-103066,8936,True,114.37
AMZ-103067,9428,False,114.37
AMZ-103068,6419,True,114.37
AMZ-103069,9150,True,114.37
AMZ-103070,6330,True,114.37
AMZ-103071,7917,True,114.37
AMZ-103072,6446,True,114.37
AMZ-103073,6440,True,114.37
AMZ-103074,8744,True,114.37
AMZ-103075,7844,False,114.37
AMZ-103076,9175,False,114.37
AMZ-103077,5864,True,114.37
AMZ-103078,5471,True,114.37
AMZ-103079,6502,False,114.37
AMZ-103080,9684,True,114.37
AMZ-103081,6410,False,114.37
AMZ-103082,8770,True,114.37
AMZ-103083,6905,True,114.37
AMZ-103084,9659,True,114.37
AMZ-103085,9001,True,114.37
AMZ-103086,8504,True,114.37
AMZ-103087,8483,True,114.37
AMZ-103088,9562,True,114.37
AMZ-103089,5598,True,114.37
AMZ-103090,5991,True,114.37
AMZ-103091,6932,False,114.37
AMZ-103092,7784,True,114.37
AMZ-103093,8041,False,114.37
AMZ-103094,5066,True,114.37
AMZ-103095,8398,True,114.37
AMZ-103096,7750,False,114.37
AMZ-103097,5469,True,114.37
AMZ-103098,6724,True,114.37
AMZ-103099,8985,True,114.37
AMZ-103100,6631,True,114.37
AMZ-103101,5774,True,114.37
AMZ-103102,8012,False,114.37
AMZ-103103,7503,True,114.37
AMZ-103104,6486,True,114.37
AMZ-103105,9019,True,114.37
AMZ-103106,9227,True,114.37
AMZ-103107,5929,True,114.37
AMZ-103108,8012,True,114.37
AMZ-103109,6505,True,114.37
AMZ-103110,9729,True,114.37
AMZ-103111,7944,True,114.37
AMZ-103112,7819,True,114.37
AMZ-103113,6184,True,114.37
AMZ-103114,5288,True,114.37
AMZ-103115,6811,False,114.37
AMZ-103116,5527,True,114.37
AMZ-103117,5916,True,114.37
AMZ-103118,6708,True,114.37
AMZ-103119,8574,True,114.37
AMZ-103120,8319,True,114.37
AMZ-103121,6406,True,114.37
AMZ-103122,6241,True,114.37
AMZ-103123,8133,True,114.37
AMZ-103124,5798,True,114.37
AMZ-103125,6523,True,114.37
AMZ-103126,9107,True,114.37
AMZ-103127,9928,True,114.37
AMZ-103128,7888,False,114.37
AMZ-103129,7690,False,114.37
AMZ-103130,9091,False,114.37
AMZ-103131,6241,False,114.37
AMZ-103132,5690,False,114.37
AMZ-103133,5527,True,114.37
AMZ-103134,6495,True,114.37
AMZ-103135,8825,True,114.37
AMZ-103136,7893,True,114.37
AMZ-103137,5892,True,114.37
AMZ-103138,5386,True,114.37
AMZ-103139,6249,True,114.37
AMZ-103140,7528,True,114.37
AMZ-103141,9503,False,114.37
AMZ-103142,8528,True,114.37
AMZ-103143,5897,True,114.37
AMZ-103144,5710,True,114.37
AMZ-103145,8695,True,114.37
AMZ-103146,7686,False,114.37
AMZ-103147,9512,True,114.37
AMZ-103148,5415,True,114.37
AMZ-103149,6471,True,114.37
AMZ-103150,9180,True,114.37
AMZ-103151,9262,True,114.37
AMZ-103152,7431,True,114.37
AMZ-103153,7515,True,114.37
AMZ-103154,6095,True,114.37
AMZ-103155,5809,True,114.37
AMZ-103156,8044,False,114.37
AMZ-103157,5992,True,114.37
AMZ-103158,6281,False,114.37
AMZ-103159,9370,True,114.37
AMZ-103160,6773,True,114.37
AMZ-103161,8561,True,114.37
AMZ-103162,8816,True,114.37
AMZ-103163,6756,True,114.37
AMZ-103164,7373,True,114.37
AMZ-103165,7576,True,114.37
AMZ-103166,5891,False,114.37
AMZ-103167,9184,True,114.37
AMZ-103168,5707,True,114.37
AMZ-103169,7397,True,114.37
AMZ-103170,9482,True,114.37
AMZ-103171,7134,True,114.37
AMZ-103172,7354,True,114.37
AMZ-103173,9535,True,114.37
AMZ-103174,5976,True,114.37
AMZ-103175,5734,True,114.37
AMZ-103176,7468,True,114.37
AMZ-103177,7540,False,114.37
AMZ-103178,5632,False,114.37
AMZ-103179,9268,True,114.37
AMZ-103180,9099,True,114.37
AMZ-103181,7901,True,114.37
AMZ-103182,6663,True,114.37
AMZ-103183,7015,True,114.37
AMZ-103184,8181,True,114.37
AMZ-103185,9063,True,114.37
AMZ-103186,7630,True,114.37
AMZ-103187,8872,True,114.37
AMZ-103188,6054,False,114.37
AMZ-103189,5380,True,114.37
AMZ-103190,8082,True,114.37
AMZ-103191,7391,False,114.37
AMZ-103192,6592,False,114.37
AMZ-103193,9261,True,114.37
AMZ-103194,7747,True,114.37
AMZ-103195,7389,True,114.37
AMZ-103196,8553,False,114.37
AMZ-103197,8027,False,114.37
AMZ-103198,6207,True,114.37
AMZ-103199,8853,True,114.37
AMZ-103200,5544,True,114.37
AMZ-103201,8081,True,114.37
AMZ-103202,8663,True,114.37
AMZ-103203,7239,False,114.37
AMZ-103204,7367,True,114.37
AMZ-103205,8773,False,114.37
AMZ-103206,7627,False,114.37
AMZ-103207,8931,True,114.37
AMZ-103208,7474,True,114.37
AMZ-103209,8130,True,114.37
AMZ-103210,8507,True,114.37
AMZ-103211,5096,True,114.37
AMZ-103212,8858,True,114.37
AMZ-103213,7708,True,114.37
AMZ-103214,8336,True,114.37
AMZ-103215,5456,True,114.37
AMZ-103216,9368,True,114.37
AMZ-103217,7987,True,114.37
AMZ-103218,9088,True,114.37
AMZ-103219,8884,True,114.37
AMZ-103220,6031,True,114.37
AMZ-103221,5207,True,114.37
AMZ-103222,6937,True,114.37
AMZ-103223,6146,True,114.37
AMZ-103224,9299,True,114.37
AMZ-103225,7564,False,114.37
AMZ-103226,5442,True,114.37
AMZ-103227,9784,True,114.37
AMZ-103228,5832,True,114.37
AMZ-103229,6461,True,114.37
AMZ-103230,8516,True,114.37
AMZ-103231,6159,True,114.37
AMZ-103232,5386,True,114.37
AMZ-103233,7041,True,114.37
AMZ-103234,7553,True,114.37
AMZ-103235,6718,True,114.37
AMZ-103236,9775,True,114.37
AMZ-103237,9050,False,114.37
AMZ-103238,8409,True,114.37
AMZ-103239,5689,True,114.37
AMZ-103240,6169,True,114.37
AMZ-103241,9988,True,114.37
AMZ-103242,5952,True,114.37
AMZ-103243,9879,True,114.37
AMZ-103244,9590,True,114.37
AMZ-103245,8496,True,114.37
AMZ-103246,8917,True,114.37
AMZ-103247,9842,True,114.37
AMZ-103248,7484,False,114.37
AMZ-103249,6854,True,114.37
AMZ-103250,8439,True,114.37
AMZ-103251,8231,True,114.37
AMZ-103252,7597,True,114.37
AMZ-103253,8983,True,114.37
AMZ-103254,7191,True,114.37
AMZ-103255,7635,True,114.37
AMZ-103256,5656,True,114.37
AMZ-103257,8812,True,114.37
AMZ-103258,8340,True,114.37
AMZ-103259,8911,False,114.37
AMZ-103260,6796,True,114.37
AMZ-103261,9363,True,114.37
AMZ-103262,6762,True,114.37
AMZ-103263,9472,True,114.37
AMZ-103264,8285,True,114.37
AMZ-103265,6585,True,114.37
AMZ-103266,8563,True,114.37
AMZ-103267,7440,True,114.37
AMZ-103268,9584,True,114.37
AMZ-103269,9817,True,114.37
AMZ-103270,8100,True,114.37
AMZ-103271,8244,True,114.37
AMZ-103272,6040,True,114.37
AMZ-103273,8127,True,114.37
AMZ-103274,7273,False,114.37
AMZ-103275,8629,False,114.37
AMZ-103276,7114,False,114.37
AMZ-103277,6677,True,114.37
AMZ-103278,8094,True,114.37
AMZ-103279,5998,True,114.37
AMZ-103280,7284,True,114.37
AMZ-103281,6589,True,114.37
AMZ-103282,6161,False,114.37
AMZ-103283,7520,False,114.37
AMZ-103284,8855,True,114.37
AMZ-103285,9648,True,114.37
AMZ-103286,5694,True,114.37
AMZ-103287,9412,False,114.37
AMZ-103288,9863,False,114.37
AMZ-103289,8798,True,114.37
AMZ-103290,8683,True,114.37
AMZ-103291,6971,False,114.37
AMZ-103292,6503,True,114.37
AMZ-103293,8249,True,114.37
AMZ-103294,9218,False,114.37
AMZ-103295,8242,True,114.37
AMZ-103296,6868,True,114.37
AMZ-103297,6671,True,114.37
AMZ-103298,6082,True,114.37
AMZ-103299,6728,False,114.37
AMZ-103300,8851,True,114.37
AMZ-103301,7142,False,114.37
AMZ-103302,6148,True,114.37
AMZ-103303,5253,True,114.37
AMZ-103304,9102,True,114.37
AMZ-103305,8542,True,114.37
AMZ-103306,7775,True,114.37
AMZ-103307,9637,True,114.37
AMZ-103308,8333,True,114.37
AMZ-103309,9184,True,114.37
AMZ-103310,8279,True,114.37
AMZ-103311,9308,True,114.37
AMZ-103312,7881,True,114.37
AMZ-103313,5265,True,114.37
AMZ-103314,7340,True,114.37
AMZ-103315,8148,True,114.37
AMZ-103316,8359,True,114.37
AMZ-103317,6004,True,114.37
AMZ-103318,7094,False,114.37
AMZ-103319,9717,True,114.37
AMZ-103320,8271,True,114.37
AMZ-103321,9522,True,114.37
AMZ-103322,5209,True,114.37
AMZ-103323,5887,True,114.37
AMZ-103324,5153,True,114.37
AMZ-103325,8593,True,114.37
AMZ-103326,5414,False,114.37
AMZ-103327,8424,True,114.37
AMZ-103328,6284,True,114.37
AMZ-103329,8148,True,114.37
AMZ-103330,5768,True,114.37
AMZ-103331,5982,True,114.37
AMZ-103332,8202,True,114.37
AMZ-103333,9674,True,114.37
AMZ-103334,8526,False,114.37
AMZ-103335,7787,True,114.37
AMZ-103336,7210,False,114.37
AMZ-103337,6038,True,114.37
AMZ-103338,8932,True,114.37
AMZ-103339,5541,True,114.37
AMZ-103340,5358,False,114.37
AMZ-103341,5849,True,114.37
AMZ-103342,9522,True,114.37
AMZ-103343,7544,True,114.37
AMZ-103344,9581,True,114.37
AMZ-103345,6831,True,114.37
AMZ-103346,6472,True,114.37
AMZ-103347,6436,True,114.37
AMZ-103348,5329,True,114.37
AMZ-103349,9354,True,114.37
AMZ-103350,9238,True,114.37
AMZ-103351,9008,True,114.37
AMZ-103352,9722,False,114.37
AMZ-103353,6388,True,114.37
AMZ-103354,9185,True,114.37
AMZ-103355,5719,True,114.37
AMZ-103356,8235,True,114.37
AMZ-103357,9576,True,114.37
AMZ-103358,7131,False,114.37
AMZ-103359,6100,True,114.37
AMZ-103360,5672,True,114.37
AMZ-103361,5516,True,114.37
AMZ-103362,7532,True,114.37
AMZ-103363,8670,True,114.37
AMZ-103364,5781,False,114.37
AMZ-103365,8523,True,114.37
AMZ-103366,8558,True,114.37
AMZ-103367,7386,True,114.37
AMZ-103368,9782,True,114.37
AMZ-103369,6589,True,114.37
AMZ-103370,9995,True,114.37
AMZ-103371,6501,True,114.37
AMZ-103372,8794,True,114.37
AMZ-103373,9318,True,114.37
AMZ-103374,8080,False,114.37
AMZ-103375,6076,True,114.37
AMZ-103376,6100,True,114.37
AMZ-103377,5502,True,114.37
AMZ-103378,6339,True,114.37
AMZ-103379,8885,True,114.37
AMZ-103380,5623,True,114.37
AMZ-103381,6886,True,114.37
AMZ-103382,8350,True,114.37
AMZ-103383,6050,True,114.37
AMZ-103384,8772,True,114.37
AMZ-103385,8916,False,114.37
AMZ-103386,9018,True,114.37
AMZ-103387,6329,True,114.37
AMZ-103388,9114,True,114.37
AMZ-103389,8367,True,114.37
AMZ-103390,8951,True,114.37
AMZ-103391,7497,False,114.37
AMZ-103392,6573,False,114.37
AMZ-103393,7634,True,114.37
AMZ-103394,7768,False,114.37
AMZ-103395,6211,False,114.37
AMZ-103396,5775,False,114.37
AMZ-103397,6160,False,114.37
AMZ-103398,7383,True,114.37
AMZ-103399,7654,True,114.37
AMZ-103400,8540,True,114.37
AMZ-103401,9697,True,114.37
AMZ-103402,9635,False,114.37
AMZ-103403,6095,True,114.37
AMZ-103404,5023,True,114.37
AMZ-103405,9719,False,114.37
AMZ-103406,8556,False,114.37
AMZ-103407,6079,False,114.37
AMZ-103408,9318,True,114.37
AMZ-103409,5178,True,114.37
AMZ-103410,7847,True,114.37
AMZ-103411,6960,True,114.37
AMZ-103412,6473,True,114.37
AMZ-103413,9888,True,114.37
AMZ-103414,9979,True,114.37
AMZ-103415,6212,True,114.37
AMZ-103416,5809,True,114.37
AMZ-103417,5419,True,114.37
AMZ-103418,8659,True,114.37
AMZ-103419,8816,True,114.37
AMZ-103420,6278,True,114.37
AMZ-103421,7523,True,114.37
AMZ-103422,6440,True,114.37
AMZ-103423,6340,True,114.37
AMZ-103424,7221,False,114.37
AMZ-103425,7392,True,114.37
AMZ-103426,6361,True,114.37
AMZ-103427,5591,True,114.37
AMZ-103428,5526,False,114.37
AMZ-103429,7503,True,114.37
AMZ-103430,6292,True,114.37
AMZ-103431,6654,False,114.37
AMZ-103432,9906,True,114.37
AMZ-103433,5187,True,114.37
AMZ-103434,7758,True,114.37
AMZ-103435,5528,True,114.37
AMZ-103436,5433,True,114.37
AMZ-103437,8512,True,114.37
AMZ-103438,6804,False,114.37
AMZ-103439,5302,False,114.37
AMZ-103440,9182,True,114.37
AMZ-103441,5437,True,114.37
AMZ-103442,7588,True,114.37
AMZ-103443,5832,False,114.37
AMZ-103444,5796,False,114.37
AMZ-103445,5559,True,114.37
AMZ-103446,8588,False,114.37
AMZ-103447,5761,True,114.37
AMZ-103448,8574,True,114.37
AMZ-103449,8785,True,114.37
AMZ-103450,7514,True,114.37
AMZ-103451,5684,True,114.37
AMZ-103452,9233,True,114.37
AMZ-103453,5577,True,114.37
AMZ-103454,9805,False,114.37
AMZ-103455,5227,True,114.37
AMZ-103456,7328,True,114.37
AMZ-103457,7731,True,114.37
AMZ-103458,5827,True,114.37
AMZ-103459,5430,True,114.37
AMZ-103460,6063,True,114.37
AMZ-103461,6709,True,114.37
AMZ-103462,6234,True,114.37
AMZ-103463,5301,True,114.37
AMZ-103464,6420,True,114.37
AMZ-103465,9628,True,114.37
AMZ-103466,5768,True,114.37
AMZ-103467,6404,True,114.37
AMZ-103468,5443,False,114.37
AMZ-103469,8104,True,114.37
AMZ-103470,9355,True,114.37
AMZ-103471,8305,True,114.37
AMZ-103472,6538,True,114.37
AMZ-103473,8930,True,114.37
AMZ-103474,6331,False,114.37
AMZ-103475,5069,False,114.37
AMZ-103476,8435,False,114.37
AMZ-103477,5480,True,114.37
AMZ-103478,9094,True,114.37
AMZ-103479,8496,True,114.37
AMZ-103480,7793,True,114.37
AMZ-103481,7892,True,114.37
AMZ-103482,6198,True,114.37
AMZ-103483,7372,False,114.37
AMZ-103484,6892,True,114.37
AMZ-103485,6883,True,114.37
AMZ-103486,5797,True,114.37
AMZ-103487,5017,True,114.37
AMZ-103488,5043,True,114.37
AMZ-103489,5154,True,114.37
AMZ-103490,9962,True,114.37
AMZ-103491,8448,True,114.37
AMZ-103492,9838,False,114.37
AMZ-103493,9080,False,114.37
AMZ-103494,6425,True,114.37
AMZ-103495,9320,True,114.37
AMZ-103496,9312,False,114.37
AMZ-103497,8639,False,114.37
AMZ-103498,9126,True,114.37
AMZ-103499,6892,True,114.37
AMZ-103500,5897,True,114.37
AMZ-103501,8424,False,114.37
AMZ-103502,9540,False,114.37
AMZ-103503,6258,True,114.37
AMZ-103504,7015,False,114.37
AMZ-103505,9833,True,114.37
AMZ-103506,6702,False,114.37
AMZ-103507,5873,True,114.37
AMZ-103508,5565,False,114.37
AMZ-103509,7018,True,114.37
AMZ-103510,6885,True,114.37
AMZ-103511,7123,True,114.37
AMZ-103512,9642,False,114.37
AMZ-103513,7314,False,114.37
AMZ-103514,9412,False,114.37
AMZ-103515,8883,False,114.37
AMZ-103516,8192,True,114.37
AMZ-103517,6859,True,114.37
AMZ-103518,5024,True,114.37
AMZ-103519,8503,True,114.37
AMZ-103520,9255,True,114.37
AMZ-103521,6137,True,114.37
AMZ-103522,9995,True,114.37
AMZ-103523,6189,True,114.37
AMZ-103524,9798,True,114.37
AMZ-103525,9096,True,114.37
AMZ-103526,8157,False,114.37
AMZ-103527,7367,True,114.37
AMZ-103528,9477,False,114.37
AMZ-103529,6741,True,114.37
AMZ-103530,8688,True,114.37
AMZ-103531,8746,True,114.37
AMZ-103532,5897,True,114.37
AMZ-103533,9023,True,114.37
AMZ-103534,5716,True,114.37
AMZ-103535,8967,True,114.37
AMZ-103536,9021,True,114.37
AMZ-103537,8215,True,114.37
AMZ-103538,5390,True,114.37
AMZ-103539,8884,True,114.37
AMZ-103540,6699,True,114.37
AMZ-103541,8037,False,114.37
AMZ-103542,5232,True,114.37
AMZ-103543,6926,True,114.37
AMZ-103544,8131,False,114.37
AMZ-103545,8306,True,114.37
AMZ-103546,7724,True,114.37
AMZ-103547,9801,True,114.37
AMZ-103548,5233,True,114.37
AMZ-103549,6391,True,114.37
AMZ-103550,7892,False,114.37
AMZ-103551,6255,True,114.37
AMZ-103552,7538,True,114.37
AMZ-103553,8690,True,114.37
AMZ-103554,5889,True,114.37
AMZ-103555,9687,True,114.37
AMZ-103556,5745,True,114.37
AMZ-103557,6719,True,114.37
AMZ-103558,5427,True,114.37
AMZ-103559,5731,True,114.37
AMZ-103560,5799,True,114.37
AMZ-103561,9297,False,114.37
AMZ-103562,5835,True,114.37
AMZ-103563,5134,True,114.37
AMZ-103564,7538,True,114.37
AMZ-103565,8718,True,114.37
AMZ-103566,5040,True,114.37
AMZ-103567,8367,True,114.37
AMZ-103568,7415,True,114.37
AMZ-103569,7040,False,114.37
AMZ-103570,9339,True,114.37
AMZ-103571,7949,True,114.37
AMZ-103572,9261,False,114.37
AMZ-103573,8466,False,114.37
AMZ-103574,8088,False,114.37
AMZ-103575,9823,True,114.37
AMZ-103576,6115,True,114.37
AMZ-103577,9578,True,114.37
AMZ-103578,7590,True,114.37
AMZ-103579,8573,True,114.37
AMZ-103580,7978,True,114.37
AMZ-103581,7447,False,114.37
AMZ-103582,6230,True,114.37
AMZ-103583,7666,False,114.37
AMZ-103584,9975,True,114.37
AMZ-103585,9925,True,114.37
AMZ-103586,9854,True,114.37
AMZ-103587,9258,True,114.37
AMZ-103588,7594,True,114.37
AMZ-103589,8430,True,114.37
AMZ-103590,7917,False,114.37
AMZ-103591,7952,True,114.37
AMZ-103592,6995,True,114.37
AMZ-103593,8891,True,114.37
AMZ-103594,5306,True,114.37
AMZ-103595,6362,True,114.37
AMZ-103596,7102,True,114.37
AMZ-103597,8030,True,114.37
AMZ-103598,5332,True,114.37
AMZ-103599,7752,True,114.37
AMZ-103600,5242,True,114.37
AMZ-103601,6884,True,114.37
AMZ-103602,6432,True,114.37
AMZ-103603,7550,True,114.37
AMZ-103604,5302,True,114.37
AMZ-103605,9330,True,114.37
AMZ-103606,8109,False,114.37
AMZ-103607,7186,True,114.37
AMZ-103608,9290,False,114.37
AMZ-103609,6550,False,114.37
AMZ-103610,6792,True,114.37
AMZ-103611,5646,True,114.37
AMZ-103612,9656,True,114.37
AMZ-103613,5712,True,114.37
AMZ-103614,9508,True,114.37
AMZ-103615,5537,True,114.37
AMZ-103616,5234,True,114.37
AMZ-103617,7396,False,114.37
AMZ-103618,6504,True,114.37
AMZ-103619,6374,True,114.37
AMZ-103620,9511,True,114.37
AMZ-103621,6909,True,114.37
AMZ-103622,5915,True,114.37
AMZ-103623,8958,False,114.37
AMZ-103624,5080,True,114.37
AMZ-103625,7083,True,114.37
AMZ-103626,7688,True,114.37
AMZ-103627,6690,False,114.37
AMZ-103628,5756,True,114.37
AMZ-103629,7670,True,114.37
AMZ-103630,8751,True,114.37
AMZ-103631,8552,True,114.37
AMZ-103632,5467,True,114.37
AMZ-103633,6494,True,114.37
AMZ-103634,6019,True,114.37
AMZ-103635,5901,True,114.37
AMZ-103636,5672,False,114.37
AMZ-103637,5438,True,114.37
AMZ-103638,9222,True,114.37
AMZ-103639,7076,True,114.37
AMZ-103640,5444,True,114.37
AMZ-103641,5965,False,114.37
AMZ-103642,8790,True,114.37
AMZ-103643,5463,True,114.37
AMZ-103644,7198,True,114.37
AMZ-103645,7287,True,114.37
AMZ-103646,8765,True,114.37
AMZ-103647,8176,True,114.37
AMZ-103648,9008,True,114.37
AMZ-103649,8504,False,114.37
AMZ-103650,5912,True,114.37
AMZ-103651,5496,True,114.37
AMZ-103652,6463,False,114.37
AMZ-103653,9253,True,114.37
AMZ-103654,9267,True,114.37
AMZ-103655,5493,True,114.37
AMZ-103656,6426,True,114.37
AMZ-103657,6692,True,114.37
AMZ-103658,6793,True,114.37
AMZ-103659,7723,False,114.37
AMZ-103660,5658,True,114.37
AMZ-103661,9761,True,114.37
AMZ-103662,9462,True,114.37
AMZ-103663,5549,True,114.37
AMZ-103664,5642,True,114.37
AMZ-103665,9350,True,114.37
AMZ-103666,5207,False,114.37
AMZ-103667,7497,True,114.37
AMZ-103668,9190,True,114.37
AMZ-103669,6883,True,114.37
AMZ-103670,7886,True,114.37
AMZ-103671,5477,True,114.37
AMZ-103672,5761,True,114.37
AMZ-103673,5189,True,114.37
AMZ-103674,5755,True,114.37
AMZ-103675,6446,True,114.37
AMZ-103676,9931,True,114.37
AMZ-103677,6663,True,114.37
AMZ-103678,6835,False,114.37
AMZ-103679,9228,True,114.37
AMZ-103680,9150,True,114.37
AMZ-103681,9060,True,114.37
AMZ-103682,9605,True,114.37
AMZ-103683,9765,True,114.37
AMZ-103684,8612,True,114.37
AMZ-103685,6689,True,114.37
AMZ-103686,6316,False,114.37
AMZ-103687,9829,True,114.37
AMZ-103688,8186,True,114.37
AMZ-103689,9020,True,114.37
AMZ-103690,9354,False,114.37
AMZ-103691,6145,True,114.37
AMZ-103692,9394,True,114.37
AMZ-103693,5560,True,114.37
AMZ-103694,6912,True,114.37
AMZ-103695,6864,True,114.37
AMZ-103696,5296,False,114.37
AMZ-103697,7409,True,114.37
AMZ-103698,7636,False,114.37
AMZ-103699,6461,True,114.37
AMZ-103700,9292,True,114.37
AMZ-103701,7268,True,114.37
AMZ-103702,5994,True,114.37
AMZ-103703,5007,False,114.37
AMZ-103704,7591,False,114.37
AMZ-103705,7515,False,114.37
AMZ-103706,9415,True,114.37
AMZ-103707,6417,True,114.37
AMZ-103708,7316,True,114.37
AMZ-103709,8932,False,114.37
AMZ-103710,6287,True,114.37
AMZ-103711,7844,True,114.37
AMZ-103712,6118,True,114.37
AMZ-103713,5552,True,114.37
AMZ-103714,5660,False,114.37
AMZ-103715,5715,True,114.37
AMZ-103716,8585,True,114.37
AMZ-103717,8761,True,114.37
AMZ-103718,7529,True,114.37
AMZ-103719,8970,True,114.37
AMZ-103720,8407,True,114.37
AMZ-103721,6458,False,114.37
AMZ-103722,8267,False,114.37
AMZ-103723,5854,True,114.37
AMZ-103724,9760,True,114.37
AMZ-103725,8537,False,114.37
AMZ-103726,6897,True,114.37
AMZ-103727,5272,True,114.37
AMZ-103728,9087,True,114.37
AMZ-103729,6272,True,114.37
AMZ-103730,9374,True,114.37
AMZ-103731,9019,False,114.37
AMZ-103732,5815,True,114.37
AMZ-103733,9371,True,114.37
AMZ-103734,5922,True,114.37
AMZ-103735,9737,True,114.37
AMZ-103736,9600,True,114.37
AMZ-103737,9867,True,114.37
AMZ-103738,6264,True,114.37
AMZ-103739,8724,True,114.37
AMZ-103740,7787,False,114.37
AMZ-103741,7722,False,114.37
AMZ-103742,9223,True,114.37
AMZ-103743,7550,True,114.37
AMZ-103744,7949,True,114.37
AMZ-103745,6673,True,114.37
AMZ-103746,9587,True,114.37
AMZ-103747,8092,True,114.37
AMZ-103748,7838,True,114.37
AMZ-103749,6666,False,114.37
AMZ-103750,9511,False,114.37
AMZ-103751,7195,False,114.37
AMZ-103752,6384,True,114.37
AMZ-103753,9403,True,114.37
AMZ-103754,8954,True,114.37
AMZ-103755,7899,True,114.37
AMZ-103756,5060,True,114.37
AMZ-103757,8947,True,114.37
AMZ-103758,7290,True,114.37
AMZ-103759,5472,False,114.37
AMZ-103760,5958,True,114.37
AMZ-103761,5532,True,114.37
AMZ-103762,5493,True,114.37
AMZ-103763,5081,True,114.37
AMZ-103764,9974,True,114.37
AMZ-103765,7970,True,114.37
AMZ-103766,5011,True,114.37
AMZ-103767,9544,True,114.37
AMZ-103768,5761,True,114.37
AMZ-103769,8185,True,114.37
AMZ-103770,5025,True,114.37
AMZ-103771,6806,False,114.37
AMZ-103772,9157,True,114.37
AMZ-103773,9324,True,114.37
AMZ-103774,9702,True,114.37
AMZ-103775,8659,False,114.37
AMZ-103776,6525,False,114.37
AMZ-103777,5760,True,114.37
AMZ-103778,5594,True,114.37
AMZ-103779,6055,False,114.37
AMZ-103780,6854,True,114.37
AMZ-103781,8083,True,114.37
AMZ-103782,8916,True,114.37
AMZ-103783,8675,False,114.37
AMZ-103784,7048,False,114.37
AMZ-103785,6458,True,114.37
AMZ-103786,6219,True,114.37
AMZ-103787,9228,True,114.37
AMZ-103788,9181,True,114.37
AMZ-103789,6499,False,114.37
AMZ-103790,6830,True,114.37
AMZ-103791,8395,True,114.37
AMZ-103792,6203,True,114.37
AMZ-103793,9270,True,114.37
AMZ-103794,7810,True,114.37
AMZ-103795,8092,True,114.37
AMZ-103796,8044,True,114.37
AMZ-103797,9673,True,114.37
AMZ-103798,8514,True,114.37
AMZ-103799,6798,True,114.37
AMZ-103800,7575,True,114.37
AMZ-103801,5144,False,114.37
AMZ-103802,9857,False,114.37
AMZ-103803,8926,False,114.37
AMZ-103804,6377,True,114.37
AMZ-103805,8146,False,114.37
AMZ-103806,6825,True,114.37
AMZ-103807,5793,True,114.37
AMZ-103808,6601,True,114.37
AMZ-103809,9414,True,114.37
AMZ-103810,6110,True,114.37
AMZ-103811,9053,True,114.37
AMZ-103812,9793,True,114.37
AMZ-103813,8937,True,114.37
AMZ-103814,8963,True,114.37
AMZ-103815,9942,True,114.37
AMZ-103816,5782,True,114.37
AMZ-103817,6116,False,114.37
AMZ-103818,6750,False,114.37
AMZ-103819,7576,True,114.37
AMZ-103820,9027,True,114.37
AMZ-103821,8336,True,114.37
AMZ-103822,9387,False,114.37
AMZ-103823,6487,True,114.37
AMZ-103824,8875,True,114.37
AMZ-103825,8631,True,114.37
AMZ-103826,9192,True,114.37
AMZ-103827,8958,True,114.37
AMZ-103828,8397,False,114.37
AMZ-103829,5073,True,114.37
AMZ-103830,6359,True,114.37
AMZ-103831,6091,False,114.37
AMZ-103832,9853,False,114.37
AMZ-103833,6941,True,114.37
AMZ-103834,8148,True,114.37
AMZ-103835,9303,True,114.37
AMZ-103836,6244,False,114.37
AMZ-103837,6285,True,114.37
AMZ-103838,9505,False,114.37
AMZ-103839,8036,True,114.37
AMZ-103840,5770,True,114.37
AMZ-103841,6843,True,114.37
AMZ-103842,5073,True,114.37
AMZ-103843,6660,True,114.37
AMZ-103844,9349,True,114.37
AMZ-103845,5819,True,114.37
AMZ-103846,8818,False,114.37
AMZ-103847,5331,True,114.37
AMZ-103848,6421,True,114.37
AMZ-103849,8655,True,114.37
AMZ-103850,9931,True,114.37
AMZ-103851,6691,True,114.37
AMZ-103852,9550,True,114.37
AMZ-103853,9408,False,114.37
AMZ-103854,5227,True,114.37
AMZ-103855,7881,True,114.37
AMZ-103856,9953,True,114.37
AMZ-103857,7865,True,114.37
AMZ-103858,7575,True,114.37
AMZ-103859,9522,False,114.37
AMZ-103860,5464,False,114.37
AMZ-103861,5277,True,114.37
AMZ-103862,9114,True,114.37
AMZ-103863,5065,True,114.37
AMZ-103864,9262,True,114.37
AMZ-103865,5402,True,114.37
AMZ-103866,8983,True,114.37
AMZ-103867,9504,True,114.37
AMZ-103868,8478,True,114.37
AMZ-103869,8444,True,114.37
AMZ-103870,9692,True,114.37
AMZ-103871,9419,True,114.37
AMZ-103872,8039,True,114.37
AMZ-103873,6437,False,114.37
AMZ-103874,5428,True,114.37
AMZ-103875,7682,True,114.37
AMZ-103876,7777,True,114.37
AMZ-103877,8378,False,114.37
AMZ-103878,5392,True,114.37
AMZ-103879,9541,True,114.37
AMZ-103880,5341,True,114.37
AMZ-103881,5132,True,114.37
AMZ-103882,5264,False,114.37
AMZ-103883,9188,True,114.37
AMZ-103884,6685,False,114.37
AMZ-103885,6434,False,114.37
AMZ-103886,6660,False,114.37
AMZ-103887,8817,True,114.37
AMZ-103888,7354,True,114.37
AMZ-103889,5265,True,114.37
AMZ-103890,9741,True,114.37
AMZ-103891,6136,True,114.37
AMZ-103892,9549,True,114.37
AMZ-103893,9926,True,114.37
AMZ-103894,6390,True,114.37
AMZ-103895,6112,False,114.37
AMZ-103896,7234,True,114.37
AMZ-103897,7866,False,114.37
AMZ-103898,8068,True,114.37
AMZ-103899,7179,False,114.37
AMZ-103900,9967,True,114.37
AMZ-103901,5634,True,114.37
AMZ-103902,8631,False,114.37
AMZ-103903,6399,True,114.37
AMZ-103904,9786,False,114.37
AMZ-103905,7739,True,114.37
AMZ-103906,8170,True,114.37
AMZ-103907,6865,True,114.37
AMZ-103908,6955,True,114.37
AMZ-103909,9677,True,114.37
AMZ-103910,7218,True,114.37
AMZ-103911,6389,True,114.37
AMZ-103912,9879,True,114.37
AMZ-103913,8130,False,114.37
AMZ-103914,9276,False,114.37
AMZ-103915,9114,True,114.37
AMZ-103916,6249,True,114.37
AMZ-103917,8166,True,114.37
AMZ-103918,6245,True,114.37
AMZ-103919,5053,False,114.37
AMZ-103920,7910,False,114.37
AMZ-103921,7396,True,114.37
AMZ-103922,5442,True,114.37
AMZ-103923,9675,True,114.37
AMZ-103924,8611,False,114.37
AMZ-103925,9377,True,114.37
AMZ-103926,7407,True,114.37
AMZ-103927,5822,True,114.37
AMZ-103928,8702,True,114.37
AMZ-103929,7939,True,114.37
AMZ-103930,9736,False,114.37
AMZ-103931,6031,True,114.37
AMZ-103932,7016,True,114.37
AMZ-103933,5562,True,114.37
AMZ-103934,7538,True,114.37
AMZ-103935,5340,True,114.37
AMZ-103936,9567,True,114.37
AMZ-103937,8775,True,114.37
AMZ-103938,7296,True,114.37
AMZ-103939,5234,True,114.37
AMZ-103940,6116,True,114.37
AMZ-103941,6908,False,114.37
AMZ-103942,6417,True,114.37
AMZ-103943,9919,True,114.37
AMZ-103944,6291,True,114.37
AMZ-103945,8488,True,114.37
AMZ-103946,9727,True,114.37
AMZ-103947,8654,True,114.37
AMZ-103948,5528,True,114.37
AMZ-103949,8324,True,114.37
AMZ-103950,6980,True,114.37
AMZ-103951,7939,False,114.37
AMZ-103952,6329,False,114.37
AMZ-103953,6233,True,114.37
AMZ-103954,6753,True,114.37
AMZ-103955,7800,False,114.37
AMZ-103956,7933,False,114.37
AMZ-103957,7759,True,114.37
AMZ-103958,7775,True,114.37
AMZ-103959,8487,True,114.37
AMZ-103960,8850,True,114.37
AMZ-103961,7527,True,114.37
AMZ-103962,9997,True,114.37
AMZ-103963,5890,True,114.37
AMZ-103964,7065,True,114.37
AMZ-103965,6188,True,114.37
AMZ-103966,9297,True,114.37
AMZ-103967,5740,True,114.37
AMZ-103968,6369,True,114.37
AMZ-103969,6389,True,114.37
AMZ-103970,7000,False,114.37
AMZ-103971,6471,True,114.37
AMZ-103972,6536,True,114.37
AMZ-103973,5318,True,114.37
AMZ-103974,7264,True,114.37
AMZ-103975,6894,False,114.37
AMZ-103976,8711,True,114.37
AMZ-103977,9819,True,114.37
AMZ-103978,7822,True,114.37
AMZ-103979,9508,True,114.37
AMZ-103980,6275,False,114.37
AMZ-103981,8083,False,114.37
AMZ-103982,5400,True,114.37
AMZ-103983,5723,True,114.37
AMZ-103984,7329,False,114.37
AMZ-103985,6135,False,114.37
AMZ-103986,7770,True,114.37
AMZ-103987,9846,True,114.37
AMZ-103988,5267,True,114.37
AMZ-103989,5569,False,114.37
AMZ-103990,7556,True,114.37
AMZ-103991,6973,True,114.37
AMZ-103992,5545,True,114.37
AMZ-103993,7822,True,114.37
AMZ-103994,9460,True,114.37
AMZ-103995,9642,True,114.37
AMZ-103996,5270,True,114.37
AMZ-103997,5738,True,114.37
AMZ-103998,6257,True,114.37
AMZ-103999,5058,True,114.37
AMZ-104000,9181,True,114.37
AMZ-104001,9858,False,114.37
AMZ-104002,5389,True,114.37
AMZ-104003,5718,True,114.37
AMZ-104004,9244,True,114.37
AMZ-104005,9678,True,114.37
AMZ-104006,5120,True,114.37
AMZ-104007,7652,True,114.37
AMZ-104008,7303,True,114.37
AMZ-104009,9861,True,114.37
AMZ-104010,7911,True,114.37
AMZ-104011,5799,True,114.37
AMZ-104012,8380,True,114.37
AMZ-104013,7106,True,114.37
AMZ-104014,6109,True,114.37
AMZ-104015,6250,True,114.37
AMZ-104016,7640,False,114.37
AMZ-104017,6649,False,114.37
AMZ-104018,6345,True,114.37
AMZ-104019,7956,True,114.37
AMZ-104020,7446,True,114.37
AMZ-104021,9994,True,114.37
AMZ-104022,8364,True,114.37
AMZ-104023,5484,False,114.37
AMZ-104024,5802,True,114.37
AMZ-104025,6715,False,114.37
AMZ-104026,6915,True,114.37
AMZ-104027,8483,True,114.37
AMZ-104028,6757,True,114.37
AMZ-104029,6809,True,114.37
AMZ-104030,8007,True,114.37
AMZ-104031,8225,True,114.37
AMZ-104032,8495,True,114.37
AMZ-104033,7320,False,114.37
AMZ-104034,6670,True,114.37
AMZ-104035,9615,False,114.37
AMZ-104036,6151,False,114.37
AMZ-104037,9747,True,114.37
AMZ-104038,7223,True,114.37
AMZ-104039,7667,True,114.37
AMZ-104040,5210,False,114.37
AMZ-104041,7494,True,114.37
AMZ-104042,9681,True,114.37
AMZ-104043,9262,True,114.37
AMZ-104044,7507,True,114.37
AMZ-104045,7963,True,114.37
AMZ-104046,8428,True,114.37
AMZ-104047,8375,True,114.37
AMZ-104048,8955,False,114.37
AMZ-104049,8705,True,114.37
AMZ-104050,8405,False,114.37
AMZ-104051,9038,True,114.37
AMZ-104052,6052,False,114.37
AMZ-104053,5713,True,114.37
AMZ-104054,7888,True,114.37
AMZ-104055,5687,True,114.37
AMZ-104056,5329,False,114.37
AMZ-104057,6746,True,114.37
AMZ-104058,6207,False,114.37
AMZ-104059,7142,False,114.37
AMZ-104060,5784,True,114.37
AMZ-104061,7696,True,114.37
AMZ-104062,8820,True,114.37
AMZ-104063,8718,True,114.37
AMZ-104064,7693,False,114.37
AMZ-104065,5625,True,114.37
AMZ-104066,9234,True,114.37
AMZ-104067,8708,False,114.37
AMZ-104068,5761,True,114.37
AMZ-104069,8979,False,114.37
AMZ-104070,8529,True,114.37
AMZ-104071,6555,True,114.37
AMZ-104072,8633,True,114.37
AMZ-104073,5675,True,114.37
AMZ-104074,9187,True,114.37
AMZ-104075,5036,True,114.37
AMZ-104076,8836,True,114.37
AMZ-104077,6787,True,114.37
AMZ-104078,7727,True,114.37
AMZ-104079,8880,True,114.37
AMZ-104080,6894,True,114.37
AMZ-104081,5136,True,114.37
AMZ-104082,8076,True,114.37
AMZ-104083,8883,True,114.37
AMZ-104084,5661,True,114.37
AMZ-104085,6810,True,114.37
AMZ-104086,5414,True,114.37
AMZ-104087,5342,True,114.37
AMZ-104088,7729,False,114.37
AMZ-104089,8450,True,114.37
AMZ-104090,8665,True,114.37
AMZ-104091,8737,True,114.37
AMZ-104092,8897,True,114.37
AMZ-104093,9241,False,114.37
AMZ-104094,9418,True,114.37
AMZ-104095,7169,True,114.37
AMZ-104096,6878,True,114.37
AMZ-104097,8970,True,114.37
AMZ-104098,9696,True,114.37
AMZ-104099,9570,True,114.37
AMZ-104100,7617,True,114.37
AMZ-104101,6515,True,114.37
AMZ-104102,5574,True,114.37
AMZ-104103,9442,True,114.37
AMZ-104104,7867,True,114.37
AMZ-104105,8544,True,114.37
AMZ-104106,9477,False,114.37
AMZ-104107,5071,True,114.37
AMZ-104108,7568,False,114.37
AMZ-104109,8437,True,114.37
AMZ-104110,7980,True,114.37
AMZ-104111,6117,True,114.37
AMZ-104112,7386,True,114.37
AMZ-104113,8508,True,114.37
AMZ-104114,6359,True,114.37
AMZ-104115,9759,True,114.37
AMZ-104116,6515,False,114.37
AMZ-104117,5039,True,114.37
AMZ-104118,6382,True,114.37
AMZ-104119,7030,True,114.37
AMZ-104120,7621,True,114.37
AMZ-104121,6900,True,114.37
AMZ-104122,7217,True,114.37
AMZ-104123,9796,False,114.37
AMZ-104124,9606,True,114.37
AMZ-104125,6283,True,114.37
AMZ-104126,5583,True,114.37
AMZ-104127,5458,False,114.37
AMZ-104128,7265,True,114.37
AMZ-104129,7666,True,114.37
AMZ-104130,5815,True,114.37
AMZ-104131,7511,True,114.37
AMZ-104132,5246,True,114.37
AMZ-104133,9825,True,114.37
AMZ-104134,5416,True,114.37
AMZ-104135,9463,True,114.37
AMZ-104136,8717,True,114.37
AMZ-104137,5107,True,114.37
AMZ-104138,7631,True,114.37
AMZ-104139,5838,True,114.37
AMZ-104140,9513,True,114.37
AMZ-104141,9916,True,114.37
AMZ-104142,6421,True,114.37
AMZ-104143,9778,False,114.37
AMZ-104144,8912,False,114.37
AMZ-104145,5255,True,114.37
AMZ-104146,7827,True,114.37
AMZ-104147,5837,True,114.37
AMZ-104148,7962,True,114.37
AMZ-104149,7282,True,114.37
AMZ-104150,5552,True,114.37
AMZ-104151,5180,True,114.37
AMZ-104152,9252,True,114.37
AMZ-104153,6477,True,114.37
AMZ-104154,5570,True,114.37
AMZ-104155,9952,True,114.37
AMZ-104156,6727,True,114.37
AMZ-104157,5591,False,114.37
AMZ-104158,9516,False,114.37
AMZ-104159,7260,True,114.37
AMZ-104160,7947,True,114.37
AMZ-104161,5347,True,114.37
AMZ-104162,5165,True,114.37
AMZ-104163,9443,True,114.37
AMZ-104164,7896,True,114.37
AMZ-104165,9493,True,114.37
AMZ-104166,5582,True,114.37
AMZ-104167,8506,True,114.37
AMZ-104168,9403,True,114.37
AMZ-104169,8038,True,114.37
AMZ-104170,7845,True,114.37
AMZ-104171,7766,False,114.37
AMZ-104172,9194,True,114.37
AMZ-104173,6265,True,114.37
AMZ-104174,9253,False,114.37
AMZ-104175,9649,False,114.37
AMZ-104176,9746,True,114.37
AMZ-104177,7967,False,114.37
AMZ-104178,7274,True,114.37
AMZ-104179,7470,True,114.37
AMZ-104180,7290,True,114.37
AMZ-104181,7577,True,114.37
AMZ-104182,8660,True,114.37
AMZ-104183,6068,True,114.37
AMZ-104184,7736,True,114.37
AMZ-104185,9829,True,114.37
AMZ-104186,6950,True,114.37
AMZ-104187,5091,True,114.37
AMZ-104188,8093,True,114.37
AMZ-104189,7219,True,114.37
AMZ-104190,6387,True,114.37
AMZ-104191,9274,False,114.37
AMZ-104192,7285,True,114.37
AMZ-104193,8206,True,114.37
AMZ-104194,7924,True,114.37
AMZ-104195,5279,True,114.37
AMZ-104196,6618,True,114.37
AMZ-104197,7787,True,114.37
AMZ-104198,5370,True,114.37
AMZ-104199,8183,True,114.37
AMZ-104200,8834,False,114.37
AMZ-104201,6703,True,114.37
AMZ-104202,7268,True,114.37
AMZ-104203,5303,False,114.37
AMZ-104204,8774,True,114.37
AMZ-104205,6348,True,114.37
AMZ-104206,7422,True,114.37
AMZ-104207,8628,True,114.37
AMZ-104208,7428,True,114.37
AMZ-104209,8033,True,114.37
AMZ-104210,5668,True,114.37
AMZ-104211,5499,True,114.37
AMZ-104212,6414,True,114.37
AMZ-104213,5529,True,114.37
AMZ-104214,8621,True,114.37
AMZ-104215,8456,False,114.37
AMZ-104216,5754,True,114.37
AMZ-104217,7347,True,114.37
AMZ-104218,9910,True,114.37
AMZ-104219,5726,True,114.37
AMZ-104220,9826,True,114.37
AMZ-104221,9923,True,114.37
AMZ-104222,7649,False,114.37
AMZ-104223,7046,False,114.37
AMZ-104224,7815,True,114.37
AMZ-104225,5874,True,114.37
AMZ-104226,8279,True,114.37
AMZ-104227,7984,True,114.37
AMZ-104228,7178,True,114.37
AMZ-104229,8807,True,114.37
AMZ-104230,5607,True,114.37
AMZ-104231,5634,True,114.37
AMZ-104232,9579,True,114.37
AMZ-104233,7727,False,114.37
AMZ-104234,6074,True,114.37
AMZ-104235,6914,True,114.37
AMZ-104236,5588,True,114.37
AMZ-104237,8231,True,114.37
AMZ-104238,7304,True,114.37
AMZ-104239,8838,True,114.37
AMZ-104240,6973,True,114.37
AMZ-104241,7055,True,114.37
AMZ-104242,8480,True,114.37
AMZ-104243,7079,True,114.37
AMZ-104244,8052,True,114.37
AMZ-104245,9482,False,114.37
AMZ-104246,6251,True,114.37
AMZ-104247,8795,True,114.37
AMZ-104248,8822,True,114.37
AMZ-104249,9302,False,114.37
AMZ-104250,8389,True,114.37
AMZ-104251,6780,True,114.37
AMZ-104252,7604,True,114.37
AMZ-104253,8688,True,114.37
AMZ-104254,9888,True,114.37
AMZ-104255,6724,True,114.37
AMZ-104256,7784,False,114.37
AMZ-104257,8719,True,114.37
AMZ-104258,6677,True,114.37
AMZ-104259,5448,True,114.37
AMZ-104260,9687,True,114.37
AMZ-104261,5081,False,114.37
AMZ-104262,6406,True,114.37
AMZ-104263,6480,True,114.37
AMZ-104264,6079,True,114.37
AMZ-104265,8598,True,114.37
AMZ-104266,9514,True,114.37
AMZ-104267,9183,True,114.37
AMZ-104268,8680,False,114.37
AMZ-104269,7703,False,114.37
AMZ-104270,9310,True,114.37
AMZ-104271,8756,False,114.37
AMZ-104272,6758,True,114.37
AMZ-104273,7599,True,114.37
AMZ-104274,7550,True,114.37
AMZ-104275,8853,True,114.37
AMZ-104276,7746,True,114.37
AMZ-104277,7292,True,114.37
AMZ-104278,6501,True,114.37
AMZ-104279,9404,True,114.37
AMZ-104280,5230,True,114.37
AMZ-104281,9250,True,114.37
AMZ-104282,6198,True,114.37
AMZ-104283,5114,True,114.37
AMZ-104284,6413,True,114.37
AMZ-104285,9406,True,114.37
AMZ-104286,5992,False,114.37
AMZ-104287,7347,True,114.37
AMZ-104288,6041,True,114.37
AMZ-104289,5011,False,114.37
AMZ-104290,8676,True,114.37
AMZ-104291,9825,True,114.37
AMZ-104292,8065,True,114.37
AMZ-104293,7036,False,114.37
AMZ-104294,8046,True,114.37
AMZ-104295,7350,True,114.37
AMZ-104296,5540,True,114.37
AMZ-104297,7860,True,114.37
AMZ-104298,5076,True,114.37
AMZ-104299,8067,True,114.37
AMZ-104300,5023,True,114.37
AMZ-104301,5675,False,114.37
AMZ-104302,7394,True,114.37
AMZ-104303,9267,True,114.37
AMZ-104304,8398,False,114.37
AMZ-104305,7759,True,114.37
AMZ-104306,5488,True,114.37
AMZ-104307,6485,True,114.37
AMZ-104308,8659,False,114.37
AMZ-104309,8235,True,114.37
AMZ-104310,7419,True,114.37
AMZ-104311,8495,False,114.37
AMZ-104312,5756,True,114.37
AMZ-104313,7524,False,114.37
AMZ-104314,9250,False,114.37
AMZ-104315,5256,True,114.37
AMZ-104316,6779,True,114.37
AMZ-104317,9769,True,114.37
AMZ-104318,7115,True,114.37
AMZ-104319,8348,True,114.37
AMZ-104320,9768,True,114.37
AMZ-104321,6472,False,114.37
AMZ-104322,5258,True,114.37
AMZ-104323,9075,True,114.37
AMZ-104324,5306,False,114.37
AMZ-104325,6118,False,114.37
AMZ-104326,8017,True,114.37
AMZ-104327,9341,False,114.37
AMZ-104328,7780,True,114.37
AMZ-104329,6658,False,114.37
AMZ-104330,5186,True,114.37
AMZ-104331,6797,True,114.37
AMZ-104332,5924,True,114.37
AMZ-104333,5784,True,114.37
AMZ-104334,8444,True,114.37
AMZ-104335,8196,True,114.37
AMZ-104336,6360,True,114.37
AMZ-104337,5340,False,114.37
AMZ-104338,5562,True,114.37
AMZ-104339,9746,True,114.37
AMZ-104340,7999,True,114.37
AMZ-104341,6193,True,114.37
AMZ-104342,8110,False,114.37
AMZ-104343,5068,False,114.37
AMZ-104344,7428,True,114.37
AMZ-104345,8598,True,114.37
AMZ-104346,7372,True,114.37
AMZ-104347,9556,True,114.37
AMZ-104348,5843,False,114.37
AMZ-104349,5573,True,114.37
AMZ-104350,9214,True,114.37
AMZ-104351,7596,True,114.37
AMZ-104352,9741,True,114.37
AMZ-104353,6478,False,114.37
AMZ-104354,7073,True,114.37
AMZ-104355,6513,True,114.37
AMZ-104356,5968,True,114.37
AMZ-104357,7196,True,114.37
AMZ-104358,6511,True,114.37
AMZ-104359,5654,True,114.37
AMZ-104360,7992,True,114.37
AMZ-104361,9650,True,114.37
AMZ-104362,9520,True,114.37
AMZ-104363,5292,True,114.37
AMZ-104364,7601,True,114.37
AMZ-104365,9526,True,114.37
AMZ-104366,9412,True,114.37
AMZ-104367,9493,True,114.37
AMZ-104368,6588,True,114.37
AMZ-104369,5595,True,114.37
AMZ-104370,7593,True,114.37
AMZ-104371,7123,True,114.37
AMZ-104372,6943,True,114.37
AMZ-104373,5915,True,114.37
AMZ-104374,8869,True,114.37
AMZ-104375,7794,True,114.37
AMZ-104376,8078,True,114.37
AMZ-104377,5975,False,114.37
AMZ-104378,6075,True,114.37
AMZ-104379,7989,True,114.37
AMZ-104380,8467,True,114.37
AMZ-104381,6451,True,114.37
AMZ-104382,8823,True,114.37
AMZ-104383,8932,True,114.37
AMZ-104384,7028,False,114.37
AMZ-104385,5362,True,114.37
AMZ-104386,7429,False,114.37
AMZ-104387,8632,True,114.37
AMZ-104388,7318,True,114.37
AMZ-104389,8085,True,114.37
AMZ-104390,7345,True,114.37
AMZ-104391,8598,True,114.37
AMZ-104392,9329,True,114.37
AMZ-104393,6731,True,114.37
AMZ-104394,5026,False,114.37
AMZ-104395,5092,False,114.37
AMZ-104396,7664,True,114.37
AMZ-104397,5308,True,114.37
AMZ-104398,5051,True,114.37
AMZ-104399,5318,True,114.37
AMZ-104400,6992,True,114.37
AMZ-104401,9276,True,114.37
AMZ-104402,8891,True,114.37
AMZ-104403,9742,True,114.37
AMZ-104404,8956,False,114.37
AMZ-104405,7692,True,114.37
AMZ-104406,8018,False,114.37
AMZ-104407,7024,True,114.37
AMZ-104408,9431,True,114.37
AMZ-104409,6525,True,114.37
AMZ-104410,6278,True,114.37
AMZ-104411,5513,True,114.37
AMZ-104412,9337,True,114.37
AMZ-104413,6733,True,114.37
AMZ-104414,8370,True,114.37
AMZ-104415,8921,True,114.37
AMZ-104416,7500,True,114.37
AMZ-104417,8464,True,114.37
AMZ-104418,7259,True,114.37
AMZ-104419,9763,True,114.37
AMZ-104420,9689,True,114.37
AMZ-104421,7659,False,114.37
AMZ-104422,5255,True,114.37
AMZ-104423,6502,True,114.37
AMZ-104424,9656,True,114.37
AMZ-104425,7110,True,114.37
AMZ-104426,5406,True,114.37
AMZ-104427,7849,True,114.37
AMZ-104428,8176,True,114.37
AMZ-104429,6860,True,114.37
AMZ-104430,9354,True,114.37
AMZ-104431,5722,True,114.37
AMZ-104432,6282,True,114.37
AMZ-104433,5613,False,114.37
AMZ-104434,8331,True,114.37
AMZ-104435,8116,True,114.37
AMZ-104436,6978,True,114.37
AMZ-104437,5812,True,114.37
AMZ-104438,6786,False,114.37
AMZ-104439,5330,True,114.37
AMZ-104440,7212,False,114.37
AMZ-104441,6216,False,114.37
AMZ-104442,9482,True,114.37
AMZ-104443,8337,True,114.37
AMZ-104444,7375,True,114.37
AMZ-104445,6240,False,114.37
AMZ-104446,5319,True,114.37
AMZ-104447,9494,True,114.37
AMZ-104448,6914,True,114.37
AMZ-104449,9200,True,114.37
AMZ-104450,9791,True,114.37
AMZ-104451,5329,True,114.37
AMZ-104452,5659,False,114.37
AMZ-104453,8688,False,114.37
AMZ-104454,8118,False,114.37
AMZ-104455,9916,True,114.37
AMZ-104456,6972,True,114.37
AMZ-104457,6793,True,114.37
AMZ-104458,8218,True,114.37
AMZ-104459,9557,True,114.37
AMZ-104460,7533,True,114.37
AMZ-104461,7457,True,114.37
AMZ-104462,8100,False,114.37
AMZ-104463,9366,True,114.37
AMZ-104464,7733,True,114.37
AMZ-104465,9480,True,114.37
AMZ-104466,9155,True,114.37
AMZ-104467,5219,True,114.37
AMZ-104468,7818,False,114.37
AMZ-104469,6906,False,114.37
AMZ-104470,7611,False,114.37
AMZ-104471,7593,False,114.37
AMZ-104472,5095,True,114.37
AMZ-104473,5988,True,114.37
AMZ-104474,6112,True,114.37
AMZ-104475,7278,True,114.37
AMZ-104476,5245,True,114.37
AMZ-104477,7158,True,114.37
AMZ-104478,9329,True,114.37
AMZ-104479,8349,True,114.37
AMZ-104480,7725,True,114.37
AMZ-104481,9077,True,114.37
AMZ-104482,9898,True,114.37
AMZ-104483,7666,True,114.37
AMZ-104484,8199,True,114.37
AMZ-104485,7754,True,114.37
AMZ-104486,6417,True,114.37
AMZ-104487,5654,True,114.37
AMZ-104488,7442,True,114.37
AMZ-104489,5110,True,114.37
AMZ-104490,5089,True,114.37
AMZ-104491,5762,True,114.37
AMZ-104492,8172,True,114.37
AMZ-104493,7179,True,114.37
AMZ-104494,7504,True,114.37
AMZ-104495,6464,True,114.37
AMZ-104496,5097,True,114.37
AMZ-104497,5292,True,114.37
AMZ-104498,6839,True,114.37
AMZ-104499,6734,True,114.37
AMZ-104500,7619,True,114.37
AMZ-104501,9747,True,114.37
AMZ-104502,7196,True,114.37
AMZ-104503,8466,True,114.37
AMZ-104504,6906,True,114.37
AMZ-104505,6721,True,114.37
AMZ-104506,8691,True,114.37
AMZ-104507,6816,True,114.37
AMZ-104508,5252,True,114.37
AMZ-104509,9227,False,114.37
AMZ-104510,8519,True,114.37
AMZ-104511,6907,True,114.37
AMZ-104512,6910,True,114.37
AMZ-104513,7521,True,114.37
AMZ-104514,8849,True,114.37
AMZ-104515,6058,True,114.37
AMZ-104516,8538,True,114.37
AMZ-104517,7322,False,114.37
AMZ-104518,5186,True,114.37
AMZ-104519,5948,True,114.37
AMZ-104520,7290,False,114.37
AMZ-104521,9359,True,114.37
AMZ-104522,9617,False,114.37
AMZ-104523,9878,True,114.37
AMZ-104524,9630,False,114.37
AMZ-104525,5209,True,114.37
AMZ-104526,7093,True,114.37
AMZ-104527,8538,False,114.37
AMZ-104528,6563,True,114.37
AMZ-104529,5025,True,114.37
AMZ-104530,5174,True,114.37
AMZ-104531,6334,True,114.37
AMZ-104532,5321,True,114.37
AMZ-104533,9150,True,114.37
AMZ-104534,9047,True,114.37
AMZ-104535,8227,True,114.37
AMZ-104536,6872,True,114.37
AMZ-104537,7067,True,114.37
AMZ-104538,5332,True,114.37
AMZ-104539,7991,True,114.37
AMZ-104540,5910,True,114.37
AMZ-104541,9496,True,114.37
AMZ-104542,5949,True,114.37
AMZ-104543,7075,True,114.37
AMZ-104544,7514,True,114.37
AMZ-104545,8331,False,114.37
AMZ-104546,8029,True,114.37
AMZ-104547,5100,True,114.37
AMZ-104548,9646,True,114.37
AMZ-104549,7400,True,114.37
AMZ-104550,8371,False,114.37
AMZ-104551,7343,True,114.37
AMZ-104552,5352,True,114.37
AMZ-104553,7955,False,114.37
AMZ-104554,6018,True,114.37
AMZ-104555,6179,True,114.37
AMZ-104556,8536,True,114.37
AMZ-104557,8650,True,114.37
AMZ-104558,7502,False,114.37
AMZ-104559,8819,False,114.37
AMZ-104560,5979,True,114.37
AMZ-104561,9834,True,114.37
AMZ-104562,5976,False,114.37
AMZ-104563,6371,True,114.37
AMZ-104564,7280,True,114.37
AMZ-104565,9576,False,114.37
AMZ-104566,5107,True,114.37
AMZ-104567,5972,True,114.37
AMZ-104568,6626,True,114.37
AMZ-104569,5703,False,114.37
AMZ-104570,5874,True,114.37
AMZ-104571,8809,True,114.37
AMZ-104572,7411,True,114.37
AMZ-104573,7107,True,114.37
AMZ-104574,8553,True,114.37
AMZ-104575,6273,True,114.37
AMZ-104576,5559,True,114.37
AMZ-104577,5116,True,114.37
AMZ-104578,9969,False,114.37
AMZ-104579,8046,True,114.37
AMZ-104580,5043,False,114.37
AMZ-104581,5508,True,114.37
AMZ-104582,8439,True,114.37
AMZ-104583,8928,True,114.37
AMZ-104584,9944,True,114.37
AMZ-104585,5916,False,114.37
AMZ-104586,7945,True,114.37
AMZ-104587,5798,True,114.37
AMZ-104588,9971,True,114.37
AMZ-104589,6760,True,114.37
AMZ-104590,7333,True,114.37
AMZ-104591,8275,True,114.37
AMZ-104592,5818,True,114.37
AMZ-104593,7168,True,114.37
AMZ-104594,8735,True,114.37
AMZ-104595,8065,True,114.37
AMZ-104596,8259,True,114.37
AMZ-104597,5906,True,114.37
AMZ-104598,9108,True,114.37
AMZ-104599,5602,True,114.37
AMZ-104600,9295,True,114.37
AMZ-104601,7633,True,114.37
AMZ-104602,6791,False,114.37
AMZ-104603,8527,True,114.37
AMZ-104604,9543,True,114.37
AMZ-104605,6811,False,114.37
AMZ-104606,8911,False,114.37
AMZ-104607,5840,True,114.37
AMZ-104608,8142,False,114.37
AMZ-104609,9685,True,114.37
AMZ-104610,7090,True,114.37
AMZ-104611,9615,True,114.37
AMZ-104612,6036,True,114.37
AMZ-104613,5724,True,114.37
AMZ-104614,5987,True,114.37
AMZ-104615,5802,True,114.37
AMZ-104616,7582,False,114.37
AMZ-104617,8837,False,114.37
AMZ-104618,5526,True,114.37
AMZ-104619,6665,False,114.37
AMZ-104620,6138,False,114.37
AMZ-104621,5459,True,114.37
AMZ-104622,7552,True,114.37
AMZ-104623,9420,True,114.37
AMZ-104624,9674,False,114.37
AMZ-104625,7808,True,114.37
AMZ-104626,7898,True,114.37
AMZ-104627,8243,True,114.37
AMZ-104628,9068,True,114.37
AMZ-104629,7331,True,114.37
AMZ-104630,9570,True,114.37
AMZ-104631,8685,True,114.37
AMZ-104632,5631,False,114.37
AMZ-104633,9798,False,114.37
AMZ-104634,7456,True,114.37
AMZ-104635,5981,False,114.37
AMZ-104636,9654,True,114.37
AMZ-104637,9317,True,114.37
AMZ-104638,6556,True,114.37
AMZ-104639,7205,False,114.37
AMZ-104640,9443,False,114.37
AMZ-104641,9984,True,114.37
AMZ-104642,8955,False,114.37
AMZ-104643,5921,True,114.37
AMZ-104644,5404,True,114.37
AMZ-104645,9772,True,114.37
AMZ-104646,9684,True,114.37
AMZ-104647,6620,True,114.37
AMZ-104648,7952,False,114.37
AMZ-104649,8118,True,114.37
AMZ-104650,6594,True,114.37
AMZ-104651,5565,True,114.37
AMZ-104652,9799,True,114.37
AMZ-104653,7868,False,114.37
AMZ-104654,5857,True,114.37
AMZ-104655,6284,True,114.37
AMZ-104656,5584,False,114.37
AMZ-104657,9327,True,114.37
AMZ-104658,6245,True,114.37
AMZ-104659,5051,True,114.37
AMZ-104660,7163,True,114.37
AMZ-104661,5537,True,114.37
AMZ-104662,5540,True,114.37
AMZ-104663,5814,False,114.37
AMZ-104664,6415,False,114.37
AMZ-104665,7838,True,114.37
AMZ-104666,6652,True,114.37
AMZ-104667,7665,False,114.37
AMZ-104668,9514,True,114.37
AMZ-104669,9062,True,114.37
AMZ-104670,7356,True,114.37
AMZ-104671,8810,False,114.37
AMZ-104672,5863,True,114.37
AMZ-104673,5185,True,114.37
AMZ-104674,9356,True,114.37
AMZ-104675,6551,False,114.37
AMZ-104676,7207,True,114.37
AMZ-104677,5761,False,114.37
AMZ-104678,9319,True,114.37
AMZ-104679,6279,True,114.37
AMZ-104680,9275,True,114.37
AMZ-104681,9727,True,114.37
AMZ-104682,8694,False,114.37
AMZ-104683,8281,True,114.37
AMZ-104684,6536,True,114.37
AMZ-104685,8164,True,114.37
AMZ-104686,7770,True,114.37
AMZ-104687,6963,True,114.37
AMZ-104688,8845,True,114.37
AMZ-104689,8435,False,114.37
AMZ-104690,9710,True,114.37
AMZ-104691,5561,True,114.37
AMZ-104692,7421,True,114.37
AMZ-104693,9717,True,114.37
AMZ-104694,7135,True,114.37
AMZ-104695,7061,False,114.37
AMZ-104696,7180,True,114.37
AMZ-104697,6960,True,114.37
AMZ-104698,8879,True,114.37
AMZ-104699,8279,False,114.37
AMZ-104700,8884,True,114.37
AMZ-104701,8270,True,114.37
AMZ-104702,9687,True,114.37
AMZ-104703,5582,True,114.37
AMZ-104704,6613,True,114.37
AMZ-104705,6101,True,114.37
AMZ-104706,5288,True,114.37
AMZ-104707,8859,True,114.37
AMZ-104708,8060,False,114.37
AMZ-104709,7926,True,114.37
AMZ-104710,9102,True,114.37
AMZ-104711,6183,True,114.37
AMZ-104712,9335,True,114.37
AMZ-104713,6446,True,114.37
AMZ-104714,6749,True,114.37
AMZ-104715,6903,True,114.37
AMZ-104716,8175,True,114.37
AMZ-104717,6077,False,114.37
AMZ-104718,7377,True,114.37
AMZ-104719,5847,False,114.37
AMZ-104720,7876,True,114.37
AMZ-104721,6239,True,114.37
AMZ-104722,6332,True,114.37
AMZ-104723,8506,True,114.37
AMZ-104724,7379,True,114.37
AMZ-104725,9791,True,114.37
AMZ-104726,9122,False,114.37
AMZ-104727,8237,False,114.37
AMZ-104728,7365,True,114.37
AMZ-104729,7412,True,114.37
AMZ-104730,8174,True,114.37
AMZ-104731,5372,True,114.37
AMZ-104732,6949,True,114.37
AMZ-104733,5244,False,114.37
AMZ-104734,6840,True,114.37
AMZ-104735,8427,True,114.37
AMZ-104736,5124,True,114.37
AMZ-104737,9632,True,114.37
AMZ-104738,7753,True,114.37
AMZ-104739,6919,True,114.37
AMZ-104740,6635,True,114.37
AMZ-104741,6425,True,114.37
AMZ-104742,6540,True,114.37
AMZ-104743,5530,False,114.37
AMZ-104744,9349,True,114.37
AMZ-104745,8103,True,114.37
AMZ-104746,9756,True,114.37
AMZ-104747,6801,True,114.37
AMZ-104748,6036,True,114.37
AMZ-104749,8728,False,114.37
AMZ-104750,9011,True,114.37
AMZ-104751,8463,True,114.37
AMZ-104752,6142,True,114.37
AMZ-104753,6755,True,114.37
AMZ-104754,9840,False,114.37
AMZ-104755,6629,False,114.37
AMZ-104756,5762,True,114.37
AMZ-104757,9889,True,114.37
AMZ-104758,9839,True,114.37
AMZ-104759,8957,False,114.37
AMZ-104760,5557,True,114.37
AMZ-104761,9621,False,114.37
AMZ-104762,5839,True,114.37
AMZ-104763,5002,True,114.37
AMZ-104764,6051,True,114.37
AMZ-104765,6404,False,114.37
AMZ-104766,5156,False,114.37
AMZ-104767,6937,True,114.37
AMZ-104768,5510,True,114.37
AMZ-104769,8404,True,114.37
AMZ-104770,9782,True,114.37
AMZ-104771,6137,True,114.37
AMZ-104772,8914,True,114.37
AMZ-104773,8321,False,114.37
AMZ-104774,9666,True,114.37
AMZ-104775,5714,False,114.37
AMZ-104776,7286,True,114.37
AMZ-104777,7654,True,114.37
AMZ-104778,5990,True,114.37
AMZ-104779,9429,True,114.37
AMZ-104780,7160,True,114.37
AMZ-104781,9457,True,114.37
AMZ-104782,7144,True,114.37
AMZ-104783,7063,True,114.37
AMZ-104784,7603,True,114.37
AMZ-104785,6977,True,114.37
AMZ-104786,5375,False,114.37
AMZ-104787,5741,False,114.37
AMZ-104788,9485,True,114.37
AMZ-104789,7667,True,114.37
AMZ-104790,6240,True,114.37
AMZ-104791,8470,False,114.37
AMZ-104792,9919,True,114.37
AMZ-104793,7367,True,114.37
AMZ-104794,7243,True,114.37
AMZ-104795,8549,True,114.37
AMZ-104796,5417,True,114.37
AMZ-104797,5606,True,114.37
AMZ-104798,5567,True,114.37
AMZ-104799,5543,True,114.37
AMZ-104800,5883,True,114.37
AMZ-104801,9798,True,114.37
AMZ-104802,6223,False,114.37
AMZ-104803,7893,True,114.37
AMZ-104804,7068,False,114.37
AMZ-104805,8709,True,114.37
AMZ-104806,6786,True,114.37
AMZ-104807,6457,False,114.37
AMZ-104808,6914,True,114.37
AMZ-104809,5077,False,114.37
AMZ-104810,8613,True,114.37
AMZ-104811,6308,False,114.37
AMZ-104812,5647,True,114.37
AMZ-104813,7187,True,114.37
AMZ-104814,5552,True,114.37
AMZ-104815,5281,False,114.37
AMZ-104816,6281,False,114.37
AMZ-104817,6846,False,114.37
AMZ-104818,7487,False,114.37
AMZ-104819,7793,True,114.37
AMZ-104820,8711,True,114.37
AMZ-104821,9199,True,114.37
AMZ-104822,9861,True,114.37
AMZ-104823,7776,True,114.37
AMZ-104824,6596,True,114.37
AMZ-104825,5479,True,114.37
AMZ-104826,8312,True,114.37
AMZ-104827,8218,True,114.37
AMZ-104828,6963,True,114.37
AMZ-104829,7142,True,114.37
AMZ-104830,8898,True,114.37
AMZ-104831,7072,True,114.37
AMZ-104832,6295,True,114.37
AMZ-104833,5938,True,114.37
AMZ-104834,5761,True,114.37
AMZ-104835,9749,True,114.37
AMZ-104836,6669,True,114.37
AMZ-104837,8862,True,114.37
AMZ-104838,7685,True,114.37
AMZ-104839,8899,True,114.37
AMZ-104840,6931,False,114.37
AMZ-104841,8939,False,114.37
AMZ-104842,6126,True,114.37
AMZ-104843,8297,True,114.37
AMZ-104844,9670,True,114.37
AMZ-104845,6203,True,114.37
AMZ-104846,9135,False,114.37
AMZ-104847,8772,True,114.37
AMZ-104848,5519,True,114.37
AMZ-104849,7283,True,114.37
AMZ-104850,9558,False,114.37
AMZ-104851,5482,True,114.37
AMZ-104852,7477,True,114.37
AMZ-104853,8093,True,114.37
AMZ-104854,5342,True,114.37
AMZ-104855,6462,True,114.37
AMZ-104856,6202,True,114.37
AMZ-104857,6621,False,114.37
AMZ-104858,7398,False,114.37
AMZ-104859,8596,False,114.37
AMZ-104860,8535,True,114.37
AMZ-104861,7877,False,114.37
AMZ-104862,7390,True,114.37
AMZ-104863,8351,True,114.37
AMZ-104864,7913,True,114.37
AMZ-104865,6189,True,114.37
AMZ-104866,7340,True,114.37
AMZ-104867,8580,True,114.37
AMZ-104868,6603,True,114.37
AMZ-104869,8297,False,114.37
AMZ-104870,5597,True,114.37
AMZ-104871,5644,True,114.37
AMZ-104872,9543,True,114.37
AMZ-104873,7902,True,114.37
AMZ-104874,5763,True,114.37
AMZ-104875,9830,True,114.37
AMZ-104876,6642,True,114.37
AMZ-104877,7297,True,114.37
AMZ-104878,9696,True,114.37
AMZ-104879,7172,False,114.37
AMZ-104880,7160,True,114.37
AMZ-104881,8749,True,114.37
AMZ-104882,7922,False,114.37
AMZ-104883,5579,True,114.37
AMZ-104884,8804,True,114.37
AMZ-104885,9878,False,114.37
AMZ-104886,7368,True,114.37
AMZ-104887,8932,True,114.37
AMZ-104888,9627,True,114.37
AMZ-104889,8360,True,114.37
AMZ-104890,9707,True,114.37
AMZ-104891,6100,True,114.37
AMZ-104892,6670,True,114.37
AMZ-104893,7220,True,114.37
AMZ-104894,9970,True,114.37
AMZ-104895,5216,True,114.37
AMZ-104896,5375,True,114.37
AMZ-104897,6609,True,114.37
AMZ-104898,9106,True,114.37
AMZ-104899,8839,False,114.37
AMZ-104900,7939,True,114.37
AMZ-104901,9062,True,114.37
AMZ-104902,6613,True,114.37
AMZ-104903,8679,True,114.37
AMZ-104904,9913,False,114.37
AMZ-104905,6296,True,114.37
AMZ-104906,8996,False,114.37
AMZ-104907,9786,True,114.37
AMZ-104908,6155,True,114.37
AMZ-104909,9879,True,114.37
AMZ-104910,7366,False,114.37
AMZ-104911,7891,True,114.37
AMZ-104912,6972,True,114.37
AMZ-104913,5784,True,114.37
AMZ-104914,9492,True,114.37
AMZ-104915,6081,False,114.37
AMZ-104916,7033,True,114.37
AMZ-104917,6614,True,114.37
AMZ-104918,9555,True,114.37
AMZ-104919,7416,True,114.37
AMZ-104920,9641,False,114.37
AMZ-104921,8653,True,114.37
AMZ-104922,5496,True,114.37
AMZ-104923,5504,False,114.37
AMZ-104924,8386,True,114.37
AMZ-104925,7208,True,114.37
AMZ-104926,9813,True,114.37
AMZ-104927,8216,True,114.37
AMZ-104928,8666,True,114.37
AMZ-104929,6408,False,114.37
AMZ-104930,9364,True,114.37
AMZ-104931,9077,True,114.37
AMZ-104932,6477,False,114.37
AMZ-104933,9960,True,114.37
AMZ-104934,7397,True,114.37
AMZ-104935,5109,True,114.37
AMZ-104936,8554,False,114.37
AMZ-104937,5649,True,114.37
AMZ-104938,6499,True,114.37
AMZ-104939,5595,False,114.37
AMZ-104940,5978,True,114.37
AMZ-104941,5730,True,114.37
AMZ-104942,5056,False,114.37
AMZ-104943,7243,True,114.37
AMZ-104944,6701,True,114.37
AMZ-104945,6286,False,114.37
AMZ-104946,5111,True,114.37
AMZ-104947,9806,True,114.37
AMZ-104948,6201,False,114.37
AMZ-104949,5947,False,114.37
AMZ-104950,9121,True,114.37
AMZ-104951,5757,True,114.37
AMZ-104952,8388,True,114.37
AMZ-104953,6841,True,114.37
AMZ-104954,8535,True,114.37
AMZ-104955,7293,True,114.37
AMZ-104956,6104,True,114.37
AMZ-104957,5661,True,114.37
AMZ-104958,5908,True,114.37
AMZ-104959,9617,True,114.37
AMZ-104960,6856,True,114.37
AMZ-104961,7311,True,114.37
AMZ-104962,5789,True,114.37
AMZ-104963,5171,True,114.37
AMZ-104964,9360,True,114.37
AMZ-104965,6986,True,114.37
AMZ-104966,6885,False,114.37
AMZ-104967,5475,True,114.37
AMZ-104968,6049,False,114.37
AMZ-104969,9129,True,114.37
AMZ-104970,7311,True,114.37
AMZ-104971,6161,False,114.37
AMZ-104972,5815,True,114.37
AMZ-104973,8766,True,114.37
AMZ-104974,7922,True,114.37
AMZ-104975,5753,True,114.37
AMZ-104976,9661,True,114.37
AMZ-104977,5461,True,114.37
AMZ-104978,8239,True,114.37
AMZ-104979,7702,True,114.37
AMZ-104980,5080,False,114.37
AMZ-104981,7804,True,114.37
AMZ-104982,5869,True,114.37
AMZ-104983,9694,False,114.37
AMZ-104984,5806,True,114.37
AMZ-104985,6934,True,114.37
AMZ-104986,5703,True,114.37
AMZ-104987,7523,True,114.37
AMZ-104988,7639,True,114.37
AMZ-104989,9582,True,114.37
AMZ-104990,8909,False,114.37
AMZ-104991,9801,True,114.37
AMZ-104992,6164,True,114.37
AMZ-104993,5619,True,114.37
AMZ-104994,8066,True,114.37
AMZ-104995,9872,False,114.37
AMZ-104996,5446,True,114.37
AMZ-104997,7337,True,114.37
AMZ-104998,5208,False,114.37
AMZ-104999,7460,True,114.37
